score,iteration,sift_nfeatures,sift_nOctaveLayers,sift_contrastThreshold,sift_edgeThreshold,sift_sigma,min_match_count,good_matches_threshold,mask_scale,ransac
400,627,0,7,0.06060606060606061,11.818181818181818,0.4404040404040404,55,0.593939393939394,1,6.272727272727273
400,294,0,7,0.041212121212121214,8.606060606060606,0.42424242424242425,57,0.5181818181818182,1,3.9696969696969697
400,881,0,7,0.051515151515151514,10.606060606060606,0.43232323232323233,42,0.6848484848484848,1,6.555555555555555
400,356,0,7,0.04242424242424242,11.393939393939394,0.4161616161616162,55,0.5272727272727272,1,5.666666666666667
400,368,0,4,0.06,9.93939393939394,0.7232323232323232,52,0.8,1,3.888888888888889
400,836,0,6,0.04,11.272727272727273,0.8848484848484849,41,0.7696969696969698,1,4.696969696969697
400,43,0,6,0.07333333333333333,9.878787878787879,0.4080808080808081,42,0.7757575757575759,1,4.05050505050505
200,981,0,6,0.020606060606060607,13.030303030303031,0.795959595959596,52,0.7696969696969698,1,5.383838383838384
200,245,0,3,0.052727272727272734,12.606060606060606,1.094949494949495,50,0.7666666666666667,1,5.424242424242424
200,489,0,5,0.05090909090909091,9.09090909090909,0.9494949494949495,56,0.793939393939394,1,4.737373737373737
200,675,0,5,0.033939393939393936,13.333333333333334,0.5777777777777778,56,0.796969696969697,1,5.101010101010101
100,475,0,3,0.07151515151515152,11.93939393939394,0.6181818181818182,43,0.7757575757575759,1,4.777777777777778
100,459,0,3,0.03818181818181818,13.696969696969697,1.006060606060606,48,0.7666666666666667,1,6.111111111111111
100,936,0,6,0.04666666666666666,12.303030303030303,1.006060606060606,41,0.7242424242424242,1,4.818181818181818
100,651,0,5,0.035151515151515156,10.0,0.8686868686868687,43,0.7545454545454546,1,5.101010101010101
100,455,0,4,0.0393939393939394,8.06060606060606,1.1434343434343435,56,0.7696969696969698,1,5.343434343434343
100,934,0,3,0.05333333333333333,12.06060606060606,0.8444444444444444,58,0.796969696969697,1,6.070707070707071
100,473,0,6,0.03636363636363636,9.454545454545455,0.5131313131313131,40,0.8,1,5.98989898989899
100,9,0,4,0.06727272727272728,10.969696969696969,1.1353535353535353,54,0.7727272727272727,1,3.1616161616161618
100,942,0,6,0.023636363636363636,12.06060606060606,0.9656565656565657,40,0.7727272727272727,1,6.272727272727273
100,958,0,7,0.027878787878787878,13.454545454545455,1.1757575757575758,46,0.796969696969697,1,5.262626262626263
100,681,0,6,0.07090909090909091,11.696969696969697,0.9656565656565657,57,0.7848484848484849,1,6.313131313131313
100,543,0,6,0.0496969696969697,10.121212121212121,0.7636363636363637,44,0.796969696969697,1,7.0
100,533,0,5,0.06606060606060606,11.333333333333334,0.593939393939394,54,0.790909090909091,1,6.717171717171718
100,544,0,3,0.034545454545454546,13.454545454545455,0.8202020202020202,55,0.7363636363636363,1,3.121212121212121
100,110,0,6,0.06787878787878789,11.393939393939394,1.0222222222222221,41,0.796969696969697,1,3.202020202020202
100,111,0,4,0.055151515151515146,12.787878787878789,0.795959595959596,53,0.7515151515151515,1,3.1616161616161618
100,70,0,3,0.024242424242424242,12.484848484848484,0.5292929292929294,55,0.7727272727272727,1,4.494949494949495
100,537,0,7,0.020606060606060607,10.787878787878789,0.6262626262626263,54,0.7878787878787878,1,5.464646464646465
100,36,0,6,0.05818181818181818,11.393939393939394,1.1757575757575758,44,0.7757575757575759,1,6.272727272727273
100,929,0,7,0.035151515151515156,8.787878787878787,1.0545454545454547,59,0.790909090909091,1,3.1616161616161618
100,519,0,7,0.021212121212121213,11.515151515151516,1.0464646464646465,47,0.7242424242424242,1,5.747474747474747
100,740,0,6,0.06545454545454546,11.93939393939394,1.1272727272727274,46,0.7696969696969698,1,5.94949494949495
100,53,0,7,0.07393939393939394,10.424242424242424,1.1272727272727274,48,0.7848484848484849,1,5.181818181818182
100,55,0,7,0.033939393939393936,9.09090909090909,0.901010101010101,53,0.7727272727272727,1,6.595959595959597
100,37,0,5,0.06545454545454546,13.030303030303031,0.8606060606060606,42,0.7666666666666667,1,5.8686868686868685
100,109,0,7,0.03818181818181818,8.90909090909091,0.795959595959596,41,0.793939393939394,1,5.222222222222222
100,747,0,6,0.025454545454545455,8.424242424242424,0.5616161616161617,42,0.7515151515151515,1,5.343434343434343
100,751,0,7,0.062424242424242424,11.454545454545455,0.7232323232323232,50,0.7787878787878788,1,5.545454545454546
100,469,0,5,0.05818181818181818,12.484848484848484,0.7474747474747475,51,0.7787878787878788,1,4.1313131313131315
100,754,0,4,0.026060606060606062,10.0,0.8121212121212121,56,0.7727272727272727,1,4.858585858585859
100,470,0,5,0.052727272727272734,12.484848484848484,0.795959595959596,47,0.7818181818181819,1,3.525252525252525
100,632,0,6,0.04303030303030303,12.787878787878789,0.8202020202020202,46,0.7666666666666667,1,6.95959595959596
100,745,0,4,0.07151515151515152,9.696969696969697,0.997979797979798,48,0.7848484848484849,1,3.484848484848485
100,539,0,3,0.02181818181818182,10.90909090909091,0.5858585858585859,45,0.7424242424242424,1,4.656565656565657
100,155,0,4,0.02909090909090909,8.06060606060606,0.43232323232323233,44,0.7696969696969698,1,3.5656565656565657
100,141,0,6,0.055757575757575756,8.181818181818182,1.1595959595959595,40,0.7787878787878788,1,6.151515151515152
100,151,0,7,0.040606060606060604,11.696969696969697,0.98989898989899,44,0.793939393939394,1,4.414141414141414
100,900,0,7,0.03818181818181818,9.515151515151516,0.9252525252525253,52,0.7545454545454546,1,6.232323232323233
100,150,0,5,0.04242424242424242,11.030303030303031,1.1515151515151514,56,0.7787878787878788,1,4.05050505050505
100,910,0,5,0.06121212121212122,9.636363636363637,1.094949494949495,59,0.7848484848484849,1,4.454545454545455
100,921,0,3,0.07757575757575758,11.696969696969697,0.6343434343434344,54,0.796969696969697,1,5.0606060606060606
100,906,0,6,0.037575757575757575,13.878787878787879,0.5454545454545454,47,0.7696969696969698,1,5.424242424242424
100,640,0,3,0.06424242424242424,13.878787878787879,1.0303030303030303,55,0.7787878787878788,1,3.484848484848485
100,685,0,3,0.05818181818181818,10.0,0.8121212121212121,40,0.790909090909091,1,6.555555555555555
100,169,0,5,0.05030303030303031,8.848484848484848,0.9090909090909091,44,0.7333333333333334,1,4.616161616161616
100,791,0,7,0.052121212121212124,12.0,1.0707070707070707,47,0.7606060606060606,1,6.717171717171718
100,897,0,7,0.041212121212121214,8.969696969696969,0.9171717171717172,53,0.7606060606060606,1,4.454545454545455
100,424,0,7,0.06303030303030303,9.696969696969697,0.9090909090909091,45,0.7575757575757576,1,6.595959595959597
100,187,0,5,0.051515151515151514,11.454545454545455,0.8606060606060606,48,0.793939393939394,1,6.95959595959596
100,172,0,4,0.033939393939393936,11.696969696969697,0.5696969696969697,54,0.7696969696969698,1,5.828282828282829
100,434,0,5,0.026060606060606062,10.969696969696969,0.7313131313131314,43,0.7545454545454546,1,6.434343434343434
100,393,0,3,0.07212121212121213,11.878787878787879,0.7878787878787878,47,0.7636363636363637,1,3.5656565656565657
100,145,0,5,0.0496969696969697,9.878787878787879,0.9737373737373738,54,0.790909090909091,1,4.01010101010101
100,389,0,3,0.03575757575757576,12.242424242424242,0.5858585858585859,40,0.7818181818181819,1,3.606060606060606
100,449,0,6,0.022424242424242423,9.696969696969697,0.5131313131313131,49,0.7666666666666667,1,3.525252525252525
100,441,0,7,0.03636363636363636,9.878787878787879,0.7393939393939395,53,0.793939393939394,1,4.090909090909091
100,769,0,4,0.03575757575757576,12.666666666666668,0.48888888888888893,56,0.7848484848484849,1,4.252525252525253
100,425,0,5,0.07515151515151515,12.181818181818182,0.7313131313131314,50,0.7818181818181819,1,5.98989898989899
100,892,0,4,0.04424242424242424,13.636363636363637,0.9737373737373738,44,0.7696969696969698,1,6.91919191919192
100,895,0,3,0.041212121212121214,13.09090909090909,0.7474747474747475,45,0.8,1,5.262626262626263
100,409,0,3,0.04424242424242424,13.454545454545455,0.795959595959596,55,0.7878787878787878,1,6.7979797979797985
100,398,0,6,0.07272727272727272,9.757575757575758,0.8282828282828283,43,0.790909090909091,1,5.101010101010101
100,373,0,3,0.027272727272727275,8.424242424242424,0.8525252525252526,45,0.7272727272727273,1,6.232323232323233
100,714,0,7,0.03696969696969697,10.303030303030303,1.006060606060606,56,0.7787878787878788,1,3.888888888888889
100,577,0,4,0.020606060606060607,13.757575757575758,1.1757575757575758,42,0.7515151515151515,1,5.262626262626263
100,458,0,3,0.055151515151515146,12.545454545454547,0.9818181818181818,43,0.7787878787878788,1,5.666666666666667
100,504,0,5,0.05818181818181818,9.393939393939394,0.8525252525252526,56,0.7848484848484849,1,4.777777777777778
100,496,0,6,0.046060606060606066,8.242424242424242,0.7151515151515151,53,0.7666666666666667,1,3.484848484848485
100,500,0,6,0.06606060606060606,13.878787878787879,1.2,50,0.7666666666666667,1,5.222222222222222
100,499,0,3,0.05333333333333333,11.272727272727273,0.5292929292929294,55,0.7878787878787878,1,3.1616161616161618
100,487,0,7,0.026666666666666665,13.818181818181818,1.0383838383838384,59,0.7303030303030303,1,3.6464646464646466
100,485,0,3,0.06060606060606061,8.424242424242424,1.2,48,0.7515151515151515,1,3.121212121212121
100,490,0,5,0.055757575757575756,10.90909090909091,0.593939393939394,43,0.7696969696969698,1,5.909090909090909
100,949,0,6,0.06909090909090909,11.454545454545455,1.191919191919192,45,0.793939393939394,1,6.272727272727273
100,994,0,6,0.04303030303030303,10.303030303030303,0.8848484848484849,57,0.790909090909091,1,5.8686868686868685
100,671,0,5,0.07090909090909091,8.0,0.6909090909090909,50,0.796969696969697,1,3.4444444444444446
100,612,0,5,0.04242424242424242,13.696969696969697,0.5535353535353535,52,0.7848484848484849,1,5.0606060606060606
100,84,0,7,0.03151515151515152,13.757575757575758,1.1111111111111112,49,0.7272727272727273,1,3.0
100,644,0,7,0.037575757575757575,8.727272727272727,1.0545454545454547,45,0.7272727272727273,1,3.121212121212121
100,92,0,6,0.07515151515151515,10.666666666666668,1.0303030303030303,44,0.7848484848484849,1,3.242424242424242
100,276,0,4,0.026666666666666665,11.030303030303031,0.5292929292929294,53,0.7818181818181819,1,6.757575757575758
100,275,0,4,0.03212121212121212,11.818181818181818,0.997979797979798,59,0.796969696969697,1,6.272727272727273
100,975,0,5,0.030303030303030304,11.212121212121213,1.0222222222222221,44,0.7515151515151515,1,3.404040404040404
100,27,0,5,0.07939393939393939,10.484848484848484,0.6505050505050505,47,0.7787878787878788,1,5.424242424242424
100,967,0,3,0.07393939393939394,13.878787878787879,1.2,49,0.7484848484848485,1,3.04040404040404
100,19,0,6,0.037575757575757575,12.06060606060606,0.8848484848484849,48,0.7666666666666667,1,5.020202020202021
100,453,0,4,0.07878787878787878,10.0,0.9252525252525253,43,0.7818181818181819,1,3.242424242424242
100,16,0,4,0.020606060606060607,13.272727272727273,0.6262626262626263,40,0.7303030303030303,1,6.272727272727273
100,407,0,5,0.037575757575757575,12.90909090909091,1.014141414141414,58,0.7787878787878788,1,4.494949494949495
100,630,0,7,0.06545454545454546,11.878787878787879,1.0383838383838384,56,0.7666666666666667,1,3.888888888888889
100,874,0,3,0.04727272727272727,13.151515151515152,1.1434343434343435,43,0.7818181818181819,1,4.252525252525253
100,218,0,7,0.06303030303030303,12.484848484848484,0.9252525252525253,50,0.7727272727272727,1,5.424242424242424
100,878,0,4,0.023636363636363636,11.09090909090909,0.5050505050505051,58,0.790909090909091,1,5.787878787878788
100,367,0,7,0.07393939393939394,13.93939393939394,0.7393939393939395,53,0.793939393939394,1,3.484848484848485
100,214,0,6,0.07757575757575758,13.636363636363637,0.593939393939394,57,0.8,1,6.95959595959596
100,868,0,7,0.023636363636363636,9.515151515151516,0.7232323232323232,41,0.7272727272727273,1,6.757575757575758
100,789,0,6,0.0393939393939394,8.363636363636363,1.014141414141414,43,0.7818181818181819,1,4.8989898989899
100,165,0,6,0.04242424242424242,11.93939393939394,1.1676767676767676,56,0.7666666666666667,1,3.202020202020202
100,136,0,5,0.06666666666666667,13.09090909090909,0.9656565656565657,47,0.7666666666666667,1,5.5858585858585865
100,179,0,3,0.041212121212121214,11.151515151515152,0.6505050505050505,45,0.7727272727272727,1,5.383838383838384
100,225,0,7,0.024242424242424242,8.242424242424242,0.9090909090909091,49,0.7363636363636363,1,4.1313131313131315
100,224,0,7,0.04424242424242424,11.757575757575758,0.9656565656565657,42,0.7575757575757576,1,6.474747474747475
100,387,0,4,0.04666666666666666,13.393939393939394,0.4484848484848485,42,0.796969696969697,1,6.070707070707071
100,803,0,5,0.05030303030303031,8.90909090909091,0.795959595959596,41,0.793939393939394,1,4.8989898989899
100,790,0,4,0.02484848484848485,12.363636363636363,1.0787878787878789,52,0.7484848484848485,1,6.232323232323233
100,787,0,7,0.035151515151515156,12.303030303030303,1.0707070707070707,48,0.7363636363636363,1,4.1313131313131315
100,341,0,5,0.028484848484848484,8.606060606060606,1.0545454545454547,57,0.7515151515151515,1,4.575757575757576
100,344,0,7,0.020606060606060607,11.757575757575758,0.8121212121212121,49,0.7545454545454546,1,4.414141414141414
100,823,0,5,0.05939393939393939,9.393939393939394,1.0303030303030303,45,0.793939393939394,1,4.1313131313131315
100,351,0,7,0.020606060606060607,13.393939393939394,0.7717171717171718,42,0.7606060606060606,1,5.464646464646465
100,835,0,3,0.05939393939393939,10.424242424242424,0.9575757575757576,56,0.7727272727272727,1,5.8686868686868685
100,834,0,4,0.06363636363636364,10.545454545454545,1.2,53,0.7848484848484849,1,6.838383838383839
100,239,0,4,0.05030303030303031,9.757575757575758,0.9575757575757576,52,0.790909090909091,1,6.191919191919192
100,831,0,6,0.04909090909090909,13.696969696969697,0.8606060606060606,42,0.7393939393939395,1,5.747474747474747
100,254,0,4,0.07636363636363637,11.93939393939394,0.6585858585858586,42,0.7878787878787878,1,3.686868686868687
100,183,0,5,0.061818181818181814,13.575757575757576,0.7232323232323232,42,0.7848484848484849,1,6.7979797979797985
100,147,0,7,0.03151515151515152,11.393939393939394,0.6585858585858586,44,0.7878787878787878,1,4.777777777777778
100,184,0,4,0.028484848484848484,9.393939393939394,1.094949494949495,40,0.7666666666666667,1,5.747474747474747
100,352,0,3,0.022424242424242423,10.06060606060606,1.0303030303030303,58,0.7696969696969698,1,4.01010101010101
100,353,0,5,0.023636363636363636,8.484848484848484,1.0464646464646465,42,0.7121212121212122,1,4.696969696969697
100,797,0,7,0.04363636363636364,12.0,1.0464646464646465,50,0.7757575757575759,1,6.515151515151516
100,188,0,3,0.04242424242424242,11.454545454545455,0.7070707070707071,44,0.793939393939394,1,6.595959595959597
100,196,0,7,0.06787878787878789,9.818181818181818,0.98989898989899,56,0.7757575757575759,1,6.353535353535354
100,870,0,7,0.04727272727272727,13.757575757575758,0.9494949494949495,54,0.7696969696969698,1,6.95959595959596
100,229,0,5,0.04363636363636364,12.363636363636363,1.2,41,0.7515151515151515,1,3.525252525252525
100,310,0,4,0.07212121212121213,9.818181818181818,0.9090909090909091,40,0.796969696969697,1,6.111111111111111
100,808,0,3,0.024242424242424242,11.696969696969697,1.1595959595959595,50,0.7575757575757576,1,5.787878787878788
100,811,0,5,0.046060606060606066,12.06060606060606,1.094949494949495,45,0.7666666666666667,1,4.5353535353535355
100,319,0,4,0.02,9.757575757575758,0.4565656565656566,55,0.7575757575757576,1,5.787878787878788
100,317,0,4,0.020606060606060607,12.969696969696969,0.6828282828282828,55,0.7545454545454546,1,4.696969696969697
100,240,0,4,0.041212121212121214,12.424242424242426,0.6828282828282828,43,0.7545454545454546,1,3.323232323232323
100,242,0,5,0.08,10.484848484848484,1.183838383838384,48,0.7727272727272727,1,4.01010101010101
100,250,0,4,0.03090909090909091,12.727272727272727,0.7555555555555555,56,0.7666666666666667,1,5.020202020202021
100,243,0,6,0.07333333333333333,8.666666666666666,1.1515151515151514,53,0.796969696969697,1,6.353535353535354
100,133,0,7,0.03151515151515152,13.333333333333334,0.6585858585858586,57,0.7575757575757576,1,6.313131313131313
100,138,0,6,0.03575757575757576,8.363636363636363,0.9090909090909091,41,0.7787878787878788,1,6.7979797979797985
100,396,0,4,0.03151515151515152,11.636363636363637,0.8606060606060606,52,0.7515151515151515,1,3.080808080808081
100,779,0,5,0.07454545454545454,13.454545454545455,1.0222222222222221,49,0.7818181818181819,1,4.414141414141414
100,94,0,6,0.026666666666666665,9.151515151515152,0.6262626262626263,46,0.7606060606060606,1,3.686868686868687
100,15,0,5,0.046060606060606066,13.93939393939394,0.8040404040404041,57,0.7606060606060606,1,4.8989898989899
100,63,0,4,0.06727272727272728,9.151515151515152,0.9575757575757576,58,0.7848484848484849,1,3.888888888888889
100,587,0,4,0.07818181818181819,12.06060606060606,0.8525252525252526,40,0.7272727272727273,1,4.252525252525253
100,553,0,5,0.02303030303030303,9.151515151515152,0.6585858585858586,40,0.793939393939394,1,3.525252525252525
100,580,0,4,0.056969696969696976,10.363636363636363,1.0222222222222221,50,0.7636363636363637,1,4.171717171717171
100,581,0,4,0.056969696969696976,13.333333333333334,1.094949494949495,44,0.7848484848484849,1,3.0
100,599,0,4,0.06363636363636364,11.09090909090909,1.0545454545454547,58,0.7848484848484849,1,6.272727272727273
100,288,0,3,0.04666666666666666,13.393939393939394,0.6101010101010101,46,0.793939393939394,1,4.737373737373737
100,269,0,5,0.02181818181818182,9.454545454545455,0.6666666666666667,52,0.790909090909091,1,4.616161616161616
100,29,0,4,0.04303030303030303,12.303030303030303,0.7151515151515151,56,0.7696969696969698,1,4.171717171717171
100,32,0,3,0.03151515151515152,11.878787878787879,0.6101010101010101,46,0.7484848484848485,1,5.383838383838384
100,274,0,7,0.056363636363636366,8.606060606060606,0.9575757575757576,40,0.7848484848484849,1,3.1616161616161618
100,597,0,6,0.026666666666666665,11.878787878787879,0.9656565656565657,48,0.7787878787878788,1,3.6464646464646466
100,946,0,4,0.056363636363636366,12.06060606060606,1.0707070707070707,45,0.7727272727272727,1,3.3636363636363638
100,241,0,7,0.02303030303030303,13.151515151515152,1.1111111111111112,56,0.7363636363636363,1,3.7676767676767677
100,703,0,4,0.045454545454545456,12.969696969696969,0.46464646464646464,58,0.7878787878787878,1,5.424242424242424
100,583,0,3,0.06303030303030303,12.424242424242426,1.1515151515151514,43,0.790909090909091,1,5.626262626262626
100,701,0,6,0.04,13.393939393939394,0.7151515151515151,58,0.7848484848484849,1,3.3636363636363638
100,869,0,7,0.02,13.454545454545455,1.0464646464646465,45,0.7424242424242424,1,6.595959595959597
100,604,0,4,0.06666666666666667,12.969696969696969,1.1353535353535353,45,0.7545454545454546,1,6.272727272727273
97,273,0,4,0.0393939393939394,12.787878787878789,0.6828282828282828,54,0.7515151515151515,1,4.090909090909091
96,876,0,7,0.07515151515151515,9.393939393939394,1.0545454545454547,58,0.7545454545454546,1,5.222222222222222
93,278,0,3,0.05818181818181818,11.93939393939394,0.9656565656565657,56,0.7696969696969698,1,4.5353535353535355
88,589,0,6,0.03636363636363636,13.454545454545455,0.98989898989899,43,0.7151515151515152,1,3.7272727272727275
87,914,0,4,0.07333333333333333,13.636363636363637,0.9090909090909091,56,0.7393939393939395,1,4.696969696969697
83,233,0,3,0.04363636363636364,11.93939393939394,0.4565656565656566,56,0.7787878787878788,1,4.292929292929293
74,105,0,6,0.06909090909090909,13.878787878787879,1.0222222222222221,58,0.7636363636363637,1,4.333333333333334
71,867,0,7,0.0496969696969697,12.242424242424242,1.0464646464646465,55,0.7424242424242424,1,4.05050505050505
68,200,0,7,0.07515151515151515,9.757575757575758,1.006060606060606,51,0.7545454545454546,1,5.545454545454546
68,927,0,3,0.07393939393939394,8.606060606060606,0.6909090909090909,46,0.7727272727272727,1,6.6767676767676765
67,633,0,5,0.035151515151515156,11.212121212121213,0.9575757575757576,44,0.7181818181818183,1,4.292929292929293
61,452,0,3,0.029696969696969697,13.515151515151516,0.9333333333333333,47,0.7333333333333334,1,4.696969696969697
57,889,0,7,0.03272727272727273,12.06060606060606,0.4404040404040404,55,0.7515151515151515,1,3.808080808080808
57,857,0,7,0.07878787878787878,9.575757575757576,0.4,43,0.5424242424242425,1,4.696969696969697
57,178,0,6,0.04,8.606060606060606,0.42424242424242425,57,0.7212121212121212,1,3.4444444444444446
57,923,0,7,0.04787878787878788,13.515151515151516,0.4727272727272728,40,0.603030303030303,1,5.262626262626263
57,47,0,6,0.05030303030303031,10.121212121212121,0.4404040404040404,59,0.6303030303030304,1,5.98989898989899
57,930,0,5,0.07939393939393939,11.454545454545455,0.4080808080808081,52,0.5636363636363636,1,4.9393939393939394
57,429,0,7,0.05939393939393939,8.90909090909091,0.4484848484848485,55,0.5575757575757576,1,5.909090909090909
57,919,0,7,0.04727272727272727,10.363636363636363,0.4727272727272728,47,0.5363636363636364,1,6.636363636363637
57,650,0,6,0.03878787878787879,10.303030303030303,0.42424242424242425,42,0.7696969696969698,1,6.191919191919192
57,143,0,5,0.03696969696969697,13.151515151515152,0.4,42,0.6333333333333333,1,6.91919191919192
57,574,0,6,0.05757575757575757,11.09090909090909,0.4484848484848485,46,0.5727272727272728,1,5.0606060606060606
57,324,0,6,0.062424242424242424,11.393939393939394,0.42424242424242425,41,0.6575757575757576,1,4.333333333333334
57,330,0,6,0.04242424242424242,11.757575757575758,0.4161616161616162,46,0.6454545454545455,1,5.626262626262626
57,371,0,5,0.07333333333333333,11.454545454545455,0.4161616161616162,47,0.5484848484848485,1,5.707070707070708
57,799,0,7,0.02909090909090909,8.0,0.4484848484848485,53,0.6545454545454545,1,6.070707070707071
57,60,0,7,0.033939393939393936,9.636363636363637,0.4,52,0.5575757575757576,1,6.595959595959597
57,4,0,6,0.052727272727272734,8.242424242424242,0.4161616161616162,55,0.6212121212121212,1,4.5353535353535355
57,945,0,6,0.045454545454545456,9.515151515151516,0.42424242424242425,58,0.6333333333333333,1,3.080808080808081
57,208,0,6,0.022424242424242423,11.151515151515152,0.4,58,0.5242424242424243,1,3.121212121212121
57,877,0,5,0.06303030303030303,8.969696969696969,0.4,52,0.6454545454545455,1,3.7676767676767677
57,227,0,6,0.034545454545454546,8.666666666666666,0.43232323232323233,59,0.7242424242424242,1,6.191919191919192
57,829,0,7,0.041212121212121214,8.181818181818182,0.4,58,0.6,1,3.242424242424242
57,237,0,6,0.04666666666666666,11.696969696969697,0.42424242424242425,47,0.7484848484848485,1,6.3939393939393945
57,98,0,6,0.07333333333333333,13.636363636363637,0.4404040404040404,41,0.6545454545454545,1,5.98989898989899
57,277,0,7,0.05878787878787879,12.121212121212121,0.4727272727272728,51,0.7545454545454546,1,6.030303030303031
57,654,0,7,0.022424242424242423,8.242424242424242,0.42424242424242425,53,0.5303030303030303,1,3.3636363636363638
56,73,0,6,0.041212121212121214,8.484848484848484,0.4484848484848485,55,0.5303030303030303,1,3.9696969696969697
56,129,0,7,0.024242424242424242,10.969696969696969,0.6181818181818182,40,0.7212121212121212,1,4.97979797979798
56,299,0,6,0.07757575757575758,9.515151515151516,0.46464646464646464,57,0.503030303030303,1,5.383838383838384
56,378,0,5,0.0393939393939394,13.515151515151516,0.4080808080808081,41,0.5606060606060607,1,3.525252525252525
56,374,0,6,0.07939393939393939,11.212121212121213,0.4484848484848485,58,0.7818181818181819,1,4.292929292929293
55,859,0,7,0.0496969696969697,11.757575757575758,0.4808080808080808,45,0.6060606060606061,1,7.0
55,483,0,6,0.033939393939393936,14.0,0.4404040404040404,43,0.7181818181818183,1,3.3636363636363638
55,845,0,7,0.07636363636363637,12.121212121212121,0.496969696969697,51,0.5909090909090909,1,5.98989898989899
55,251,0,7,0.0393939393939394,10.242424242424242,0.48888888888888893,58,0.5787878787878789,1,3.202020202020202
55,822,0,5,0.03272727272727273,11.757575757575758,0.795959595959596,45,0.7303030303030303,1,5.383838383838384
55,21,0,7,0.06545454545454546,8.545454545454545,0.48888888888888893,55,0.7121212121212122,1,4.01010101010101
55,369,0,7,0.0496969696969697,13.454545454545455,0.48888888888888893,57,0.6666666666666667,1,4.9393939393939394
55,506,0,7,0.025454545454545455,12.969696969696969,0.48888888888888893,52,0.5,1,4.05050505050505
54,690,0,6,0.03333333333333333,9.454545454545455,0.4484848484848485,40,0.593939393939394,1,6.191919191919192
54,161,0,5,0.04666666666666666,8.181818181818182,0.4161616161616162,40,0.7000000000000001,1,5.020202020202021
54,95,0,7,0.03818181818181818,11.030303030303031,0.48888888888888893,58,0.6454545454545455,1,3.606060606060606
53,312,0,5,0.07212121212121213,9.757575757575758,0.4404040404040404,53,0.5121212121212121,1,5.181818181818182
53,680,0,6,0.022424242424242423,13.696969696969697,0.4484848484848485,40,0.5151515151515151,1,5.0606060606060606
53,780,0,7,0.062424242424242424,8.06060606060606,0.496969696969697,40,0.5181818181818182,1,5.666666666666667
53,865,0,7,0.05757575757575757,8.666666666666666,0.48888888888888893,53,0.706060606060606,1,3.5656565656565657
52,625,0,7,0.024242424242424242,9.09090909090909,0.7797979797979798,52,0.7303030303030303,1,5.464646464646465
52,679,0,6,0.041818181818181824,8.0,0.4565656565656566,48,0.6787878787878788,1,3.7676767676767677
51,793,0,6,0.07454545454545454,10.181818181818182,0.4565656565656566,41,0.7454545454545455,1,3.525252525252525
51,602,0,6,0.045454545454545456,10.0,0.4565656565656566,59,0.7666666666666667,1,5.424242424242424
51,436,0,6,0.02,8.969696969696969,0.4484848484848485,43,0.5121212121212121,1,6.151515151515152
51,481,0,3,0.06363636363636364,14.0,1.1757575757575758,52,0.7303030303030303,1,3.8484848484848486
51,585,0,3,0.06848484848484848,9.515151515151516,0.6262626262626263,59,0.7848484848484849,1,5.666666666666667
50,980,0,6,0.05030303030303031,14.0,0.46464646464646464,59,0.6909090909090909,1,3.888888888888889
50,79,0,3,0.03333333333333333,13.393939393939394,1.0868686868686868,53,0.7333333333333334,1,4.292929292929293
50,430,0,5,0.023636363636363636,11.515151515151516,0.42424242424242425,55,0.5696969696969697,1,6.474747474747475
49,717,0,4,0.04727272727272727,9.333333333333334,0.4,53,0.5606060606060607,1,5.424242424242424
49,332,0,7,0.035151515151515156,8.90909090909091,0.5131313131313131,57,0.509090909090909,1,5.626262626262626
48,744,0,7,0.062424242424242424,9.393939393939394,0.5050505050505051,54,0.603030303030303,1,3.888888888888889
48,798,0,7,0.041212121212121214,13.333333333333334,0.5212121212121212,59,0.5121212121212121,1,6.232323232323233
47,223,0,5,0.03636363636363636,9.878787878787879,0.43232323232323233,45,0.6090909090909091,1,6.434343434343434
47,507,0,3,0.06606060606060606,8.606060606060606,1.1353535353535353,59,0.5515151515151515,1,6.6767676767676765
46,618,0,4,0.07393939393939394,11.454545454545455,1.0707070707070707,54,0.5212121212121212,1,5.747474747474747
46,419,0,3,0.07515151515151515,13.636363636363637,1.0222222222222221,53,0.5484848484848485,1,3.0
46,83,0,3,0.05939393939393939,10.363636363636363,1.1434343434343435,53,0.5181818181818182,1,3.808080808080808
46,757,0,5,0.06606060606060606,8.181818181818182,0.43232323232323233,42,0.7030303030303031,1,6.313131313131313
46,652,0,3,0.06363636363636364,8.545454545454545,1.0868686868686868,48,0.5181818181818182,1,6.232323232323233
45,451,0,3,0.07393939393939394,12.848484848484848,1.0303030303030303,56,0.5787878787878789,1,3.4444444444444446
45,532,0,6,0.05393939393939394,8.0,0.8282828282828283,45,0.7424242424242424,1,4.373737373737374
45,342,0,4,0.051515151515151514,8.666666666666666,1.0545454545454547,59,0.5121212121212121,1,4.252525252525253
44,493,0,3,0.05090909090909091,12.0,1.006060606060606,56,0.5,1,3.04040404040404
44,815,0,5,0.027272727272727275,11.393939393939394,0.4484848484848485,42,0.7727272727272727,1,5.909090909090909
44,270,0,5,0.027272727272727275,12.606060606060606,0.4161616161616162,48,0.7818181818181819,1,5.0606060606060606
44,314,0,3,0.07515151515151515,10.666666666666668,0.98989898989899,57,0.5787878787878789,1,3.1616161616161618
43,819,0,5,0.06484848484848485,12.363636363636363,0.43232323232323233,53,0.7606060606060606,1,4.090909090909091
43,474,0,7,0.022424242424242423,8.242424242424242,0.496969696969697,55,0.5696969696969697,1,4.05050505050505
42,638,0,4,0.07454545454545454,11.393939393939394,1.1353535353535353,50,0.5424242424242425,1,5.303030303030303
42,841,0,3,0.052727272727272734,8.969696969696969,1.0383838383838384,54,0.5454545454545454,1,5.383838383838384
42,57,0,4,0.06484848484848485,9.393939393939394,0.9494949494949495,44,0.7272727272727273,1,6.353535353535354
41,582,0,3,0.051515151515151514,11.151515151515152,0.98989898989899,59,0.5272727272727272,1,3.1616161616161618
41,97,0,5,0.05333333333333333,12.0,0.7070707070707071,41,0.7454545454545455,1,6.313131313131313
41,24,0,6,0.06060606060606061,12.90909090909091,1.1595959595959595,58,0.7666666666666667,1,6.6767676767676765
41,215,0,7,0.02484848484848485,12.545454545454547,0.496969696969697,50,0.6333333333333333,1,6.595959595959597
41,375,0,3,0.07515151515151515,10.0,1.0868686868686868,40,0.5666666666666667,1,4.090909090909091
41,222,0,3,0.07818181818181819,8.242424242424242,0.997979797979798,43,0.7212121212121212,1,3.9696969696969697
41,665,0,5,0.05393939393939394,10.606060606060606,0.4404040404040404,42,0.6303030303030304,1,6.313131313131313
40,628,0,5,0.052727272727272734,9.272727272727273,0.4565656565656566,41,0.5151515151515151,1,3.1616161616161618
40,724,0,4,0.07454545454545454,10.363636363636363,0.4808080808080808,54,0.5,1,3.242424242424242
40,775,0,6,0.045454545454545456,9.757575757575758,0.4808080808080808,45,0.5909090909090909,1,5.5858585858585865
39,649,0,6,0.04909090909090909,12.242424242424242,0.46464646464646464,45,0.7757575757575759,1,4.252525252525253
39,557,0,3,0.0703030303030303,9.272727272727273,0.5131313131313131,59,0.5818181818181818,1,5.5858585858585865
39,571,0,4,0.07757575757575758,9.454545454545455,1.1272727272727274,56,0.6666666666666667,1,4.616161616161616
39,103,0,3,0.051515151515151514,8.242424242424242,1.1515151515151514,54,0.6363636363636364,1,4.616161616161616
39,444,0,6,0.07878787878787878,8.484848484848484,1.0626262626262628,58,0.5060606060606061,1,5.222222222222222
39,362,0,5,0.02303030303030303,8.545454545454545,0.4565656565656566,47,0.5212121212121212,1,5.303030303030303
39,941,0,5,0.055151515151515146,11.636363636363637,1.2,55,0.5272727272727272,1,6.717171717171718
39,17,0,3,0.07636363636363637,12.0,0.9252525252525253,49,0.5363636363636364,1,5.303030303030303
38,58,0,3,0.033939393939393936,8.727272727272727,1.2,44,0.5303030303030303,1,3.404040404040404
38,146,0,4,0.04242424242424242,9.575757575757576,1.103030303030303,58,0.5575757575757576,1,6.151515151515152
38,5,0,5,0.07393939393939394,8.606060606060606,1.183838383838384,43,0.5454545454545454,1,5.141414141414142
38,35,0,4,0.06545454545454546,8.303030303030303,0.4565656565656566,56,0.5545454545454546,1,6.070707070707071
38,31,0,5,0.05454545454545455,13.93939393939394,0.4404040404040404,44,0.6636363636363637,1,6.838383838383839
38,66,0,3,0.027878787878787878,8.666666666666666,1.1272727272727274,48,0.509090909090909,1,5.5858585858585865
38,915,0,6,0.04242424242424242,11.696969696969697,0.4727272727272728,42,0.6606060606060606,1,3.484848484848485
38,264,0,3,0.07757575757575758,9.878787878787879,1.2,55,0.7393939393939395,1,4.858585858585859
37,600,0,3,0.0696969696969697,13.696969696969697,1.1757575757575758,42,0.593939393939394,1,4.858585858585859
37,997,0,5,0.040606060606060604,11.212121212121213,1.191919191919192,58,0.5121212121212121,1,4.737373737373737
37,77,0,7,0.07515151515151515,13.878787878787879,0.9090909090909091,57,0.7666666666666667,1,4.05050505050505
37,126,0,3,0.06303030303030303,9.757575757575758,0.9737373737373738,47,0.5484848484848485,1,4.212121212121212
37,883,0,3,0.07272727272727272,13.575757575757576,0.8686868686868687,43,0.5666666666666667,1,4.090909090909091
37,399,0,3,0.06424242424242424,11.575757575757576,1.1353535353535353,47,0.6060606060606061,1,5.383838383838384
37,573,0,4,0.07575757575757576,13.575757575757576,0.8525252525252526,59,0.5242424242424243,1,4.05050505050505
37,177,0,4,0.06727272727272728,11.151515151515152,1.1111111111111112,59,0.7424242424242424,1,6.232323232323233
37,410,0,4,0.06909090909090909,8.969696969696969,1.0868686868686868,48,0.5727272727272728,1,6.838383838383839
37,624,0,5,0.06303030303030303,8.484848484848484,1.1353535353535353,52,0.5424242424242425,1,3.484848484848485
37,531,0,5,0.051515151515151514,12.666666666666668,0.496969696969697,47,0.5060606060606061,1,5.707070707070708
37,231,0,5,0.062424242424242424,8.181818181818182,1.1676767676767676,55,0.5545454545454546,1,3.686868686868687
36,44,0,4,0.05454545454545455,13.393939393939394,0.4727272727272728,45,0.5,1,3.8484848484848486
36,847,0,7,0.05939393939393939,12.787878787878789,0.5535353535353535,55,0.5151515151515151,1,4.9393939393939394
36,700,0,4,0.0696969696969697,10.666666666666668,0.48888888888888893,46,0.5181818181818182,1,4.8989898989899
36,902,0,3,0.06424242424242424,8.969696969696969,1.0222222222222221,55,0.6424242424242425,1,3.242424242424242
36,560,0,3,0.04,10.90909090909091,0.795959595959596,46,0.7424242424242424,1,3.3636363636363638
36,825,0,3,0.030303030303030304,8.787878787878787,0.98989898989899,49,0.5303030303030303,1,6.6767676767676765
36,337,0,3,0.02181818181818182,11.878787878787879,1.1272727272727274,50,0.5363636363636364,1,6.151515151515152
36,154,0,4,0.07515151515151515,13.878787878787879,0.5616161616161617,49,0.5515151515151515,1,5.181818181818182
36,388,0,7,0.052727272727272734,10.848484848484848,0.5131313131313131,40,0.6363636363636364,1,6.595959595959597
36,782,0,4,0.07454545454545454,8.727272727272727,0.6909090909090909,43,0.5303030303030303,1,6.313131313131313
36,629,0,3,0.051515151515151514,9.93939393939394,1.0222222222222221,51,0.5969696969696969,1,5.181818181818182
36,773,0,6,0.04242424242424242,13.93939393939394,0.5050505050505051,53,0.5727272727272728,1,3.808080808080808
36,308,0,3,0.07575757575757576,13.272727272727273,0.8202020202020202,43,0.603030303030303,1,6.313131313131313
36,558,0,3,0.07878787878787878,12.606060606060606,0.901010101010101,47,0.6606060606060606,1,5.343434343434343
36,328,0,4,0.06787878787878789,10.303030303030303,1.1434343434343435,52,0.603030303030303,1,3.0
36,785,0,6,0.06848484848484848,10.545454545454545,0.5454545454545454,53,0.509090909090909,1,5.666666666666667
36,298,0,3,0.07272727272727272,12.06060606060606,1.0707070707070707,49,0.7212121212121212,1,5.909090909090909
36,517,0,5,0.02484848484848485,8.06060606060606,0.7474747474747475,40,0.7121212121212122,1,5.343434343434343
36,951,0,4,0.048484848484848485,13.818181818181818,0.9333333333333333,49,0.503030303030303,1,3.404040404040404
36,982,0,3,0.07515151515151515,9.151515151515152,0.698989898989899,59,0.6363636363636364,1,5.545454545454546
36,657,0,4,0.0696969696969697,11.757575757575758,0.4727272727272728,44,0.5242424242424243,1,6.434343434343434
35,33,0,4,0.06666666666666667,9.636363636363637,0.8363636363636364,58,0.5303030303030303,1,3.9292929292929295
35,800,0,3,0.06303030303030303,8.787878787878787,0.7717171717171718,48,0.5303030303030303,1,3.9696969696969697
35,505,0,4,0.02303030303030303,12.424242424242426,0.4161616161616162,45,0.5575757575757576,1,5.707070707070708
35,346,0,5,0.06060606060606061,12.06060606060606,0.48888888888888893,58,0.6,1,6.030303030303031
35,302,0,4,0.061818181818181814,9.757575757575758,1.094949494949495,46,0.5787878787878789,1,3.606060606060606
35,397,0,3,0.028484848484848484,13.272727272727273,1.0464646464646465,51,0.5515151515151515,1,6.555555555555555
35,381,0,3,0.07151515151515152,12.121212121212121,0.9575757575757576,58,0.7393939393939395,1,5.464646464646465
35,440,0,4,0.056969696969696976,8.90909090909091,0.7555555555555555,52,0.5272727272727272,1,6.111111111111111
35,62,0,4,0.06484848484848485,11.515151515151516,0.4727272727272728,49,0.5484848484848485,1,4.292929292929293
35,966,0,4,0.03818181818181818,12.545454545454547,0.4484848484848485,57,0.5484848484848485,1,3.7272727272727275
35,761,0,3,0.05090909090909091,9.696969696969697,1.0303030303030303,52,0.6151515151515152,1,4.373737373737374
35,246,0,5,0.07939393939393939,13.333333333333334,1.0383838383838384,57,0.6484848484848484,1,3.606060606060606
35,732,0,3,0.06848484848484848,11.818181818181818,0.6585858585858586,58,0.5424242424242425,1,5.222222222222222
35,748,0,5,0.04666666666666666,9.818181818181818,1.1676767676767676,54,0.5454545454545454,1,5.101010101010101
35,51,0,4,0.03878787878787879,10.363636363636363,1.1353535353535353,45,0.5151515151515151,1,4.8989898989899
35,641,0,7,0.07575757575757576,12.90909090909091,0.997979797979798,49,0.5212121212121212,1,6.313131313131313
34,340,0,4,0.056969696969696976,10.787878787878789,0.5777777777777778,53,0.5121212121212121,1,3.686868686868687
34,514,0,5,0.07818181818181819,11.212121212121213,0.46464646464646464,49,0.6636363636363637,1,5.828282828282829
34,221,0,4,0.024242424242424242,8.242424242424242,0.4808080808080808,56,0.5424242424242425,1,6.272727272727273
34,774,0,3,0.07151515151515152,13.575757575757576,0.5050505050505051,43,0.5575757575757576,1,5.141414141414142
34,935,0,6,0.026060606060606062,9.272727272727273,0.496969696969697,44,0.5545454545454546,1,5.464646464646465
34,498,0,5,0.061818181818181814,10.181818181818182,1.191919191919192,52,0.5818181818181818,1,4.9393939393939394
34,338,0,4,0.06545454545454546,10.181818181818182,0.6101010101010101,50,0.5212121212121212,1,4.1313131313131315
34,610,0,7,0.06848484848484848,8.787878787878787,0.8202020202020202,51,0.5242424242424243,1,3.282828282828283
34,376,0,7,0.07454545454545454,9.212121212121213,0.9333333333333333,50,0.509090909090909,1,5.787878787878788
34,899,0,4,0.048484848484848485,9.030303030303031,1.0868686868686868,45,0.5606060606060607,1,4.656565656565657
34,442,0,4,0.06,10.363636363636363,0.9090909090909091,48,0.5181818181818182,1,4.292929292929293
34,335,0,4,0.06060606060606061,10.06060606060606,0.4404040404040404,53,0.6424242424242425,1,4.656565656565657
34,898,0,3,0.07515151515151515,9.333333333333334,1.1595959595959595,45,0.6818181818181819,1,6.272727272727273
34,772,0,4,0.05090909090909091,10.303030303030303,0.698989898989899,56,0.5303030303030303,1,6.7979797979797985
34,920,0,3,0.05030303030303031,13.818181818181818,0.7474747474747475,50,0.509090909090909,1,6.434343434343434
34,839,0,3,0.07636363636363637,8.545454545454545,0.9333333333333333,45,0.6666666666666667,1,3.9696969696969697
34,843,0,5,0.07575757575757576,8.606060606060606,0.8444444444444444,57,0.5424242424242425,1,6.3939393939393945
34,858,0,3,0.056363636363636366,9.151515151515152,0.98989898989899,43,0.7272727272727273,1,6.151515151515152
34,289,0,3,0.03212121212121212,8.06060606060606,0.8363636363636364,51,0.5363636363636364,1,6.717171717171718
34,913,0,4,0.052727272727272734,11.393939393939394,0.5616161616161617,59,0.5303030303030303,1,3.6464646464646466
34,157,0,5,0.0703030303030303,11.878787878787879,0.4727272727272728,52,0.6363636363636364,1,3.8484848484848486
34,158,0,3,0.05818181818181818,13.272727272727273,0.5616161616161617,57,0.5333333333333333,1,4.454545454545455
34,482,0,5,0.040606060606060604,10.969696969696969,0.4727272727272728,58,0.6212121212121212,1,4.777777777777778
34,578,0,3,0.027878787878787878,8.484848484848484,1.1595959595959595,55,0.6272727272727273,1,3.606060606060606
34,784,0,6,0.06303030303030303,8.0,1.1676767676767676,49,0.7303030303030303,1,3.121212121212121
34,776,0,7,0.062424242424242424,13.333333333333334,0.6343434343434344,59,0.7757575757575759,1,5.5858585858585865
34,727,0,5,0.02484848484848485,13.454545454545455,0.5858585858585859,51,0.5,1,3.282828282828283
34,948,0,3,0.041818181818181824,9.757575757575758,1.0545454545454547,59,0.6303030303030304,1,6.232323232323233
34,756,0,7,0.04424242424242424,12.666666666666668,0.5050505050505051,50,0.7515151515151515,1,6.030303030303031
34,119,0,3,0.04909090909090909,13.454545454545455,0.5212121212121212,51,0.5272727272727272,1,5.666666666666667
34,918,0,3,0.055757575757575756,8.666666666666666,0.5131313131313131,58,0.5909090909090909,1,4.616161616161616
34,479,0,4,0.07878787878787878,12.242424242424242,0.6666666666666667,48,0.5515151515151515,1,5.666666666666667
34,603,0,3,0.03575757575757576,9.878787878787879,0.8848484848484849,51,0.5393939393939394,1,3.6464646464646466
34,741,0,5,0.052121212121212124,10.181818181818182,0.8363636363636364,47,0.7303030303030303,1,5.343434343434343
34,758,0,5,0.061818181818181814,13.878787878787879,1.006060606060606,59,0.5606060606060607,1,3.9292929292929295
33,166,0,6,0.07333333333333333,8.545454545454545,0.5616161616161617,58,0.5757575757575758,1,4.696969696969697
33,220,0,5,0.06,10.121212121212121,1.1191919191919193,42,0.509090909090909,1,4.575757575757576
33,932,0,7,0.06606060606060606,11.454545454545455,0.5696969696969697,45,0.5151515151515151,1,3.484848484848485
33,647,0,6,0.07636363636363637,9.696969696969697,0.5131313131313131,43,0.6212121212121212,1,3.080808080808081
33,896,0,3,0.0696969696969697,12.06060606060606,0.6424242424242425,56,0.6242424242424243,1,6.7979797979797985
33,420,0,5,0.03696969696969697,10.303030303030303,0.4727272727272728,53,0.6060606060606061,1,4.414141414141414
33,443,0,7,0.07575757575757576,11.818181818181818,1.0545454545454547,53,0.5121212121212121,1,4.616161616161616
33,320,0,4,0.05454545454545455,12.424242424242426,0.42424242424242425,54,0.6515151515151516,1,6.95959595959596
33,888,0,3,0.05090909090909091,11.93939393939394,0.6262626262626263,43,0.5181818181818182,1,5.747474747474747
33,833,0,3,0.05333333333333333,10.424242424242424,0.7717171717171718,45,0.5575757575757576,1,4.05050505050505
33,813,0,4,0.02303030303030303,9.636363636363637,0.4161616161616162,43,0.5606060606060607,1,6.91919191919192
33,669,0,5,0.023636363636363636,12.121212121212121,1.183838383838384,51,0.5303030303030303,1,4.737373737373737
33,432,0,3,0.06060606060606061,11.878787878787879,0.4080808080808081,45,0.6484848484848484,1,5.464646464646465
33,445,0,3,0.061818181818181814,10.484848484848484,1.1272727272727274,46,0.6696969696969697,1,6.717171717171718
33,472,0,4,0.03696969696969697,13.272727272727273,0.4565656565656566,48,0.5454545454545454,1,6.434343434343434
33,908,0,6,0.07939393939393939,9.272727272727273,1.094949494949495,56,0.6090909090909091,1,3.888888888888889
33,52,0,5,0.05818181818181818,8.06060606060606,0.6262626262626263,56,0.5666666666666667,1,3.1616161616161618
33,605,0,6,0.06666666666666667,8.666666666666666,1.1434343434343435,59,0.6393939393939394,1,3.686868686868687
33,266,0,5,0.07818181818181819,9.151515151515152,1.0868686868686868,47,0.603030303030303,1,4.333333333333334
33,365,0,6,0.07878787878787878,11.030303030303031,1.1595959595959595,54,0.6181818181818182,1,6.151515151515152
33,686,0,4,0.06909090909090909,9.818181818181818,1.0464646464646465,53,0.6545454545454545,1,3.7272727272727275
33,175,0,6,0.056969696969696976,9.636363636363637,0.5454545454545454,51,0.593939393939394,1,6.434343434343434
33,561,0,3,0.07878787878787878,9.393939393939394,0.9252525252525253,43,0.6696969696969697,1,3.7676767676767677
33,636,0,4,0.07575757575757576,13.515151515151516,0.8363636363636364,46,0.7303030303030303,1,6.313131313131313
33,411,0,4,0.05878787878787879,12.787878787878789,1.014141414141414,42,0.5484848484848485,1,5.343434343434343
33,363,0,3,0.07575757575757576,13.818181818181818,0.8202020202020202,41,0.6,1,5.181818181818182
33,309,0,3,0.062424242424242424,11.09090909090909,0.4565656565656566,43,0.5696969696969697,1,5.464646464646465
32,530,0,6,0.062424242424242424,12.969696969696969,0.5696969696969697,59,0.5393939393939394,1,3.888888888888889
32,100,0,5,0.06606060606060606,12.181818181818182,0.48888888888888893,49,0.5787878787878789,1,5.5858585858585865
32,916,0,5,0.02181818181818182,10.727272727272727,0.5454545454545454,57,0.5151515151515151,1,3.686868686868687
32,528,0,5,0.07696969696969697,11.151515151515152,0.9171717171717172,43,0.5575757575757576,1,5.505050505050505
32,734,0,3,0.03272727272727273,10.181818181818182,1.1515151515151514,56,0.6606060606060606,1,5.787878787878788
32,520,0,4,0.06,12.727272727272727,0.46464646464646464,49,0.6121212121212122,1,3.9292929292929295
32,771,0,4,0.07454545454545454,11.93939393939394,1.1515151515151514,51,0.6757575757575758,1,4.777777777777778
32,182,0,3,0.05818181818181818,11.333333333333334,0.795959595959596,55,0.5878787878787879,1,5.545454545454546
32,204,0,3,0.05333333333333333,9.818181818181818,0.4404040404040404,53,0.6272727272727273,1,3.4444444444444446
32,673,0,7,0.027878787878787878,13.212121212121211,0.8121212121212121,57,0.5,1,3.0
32,46,0,5,0.05030303030303031,13.212121212121211,0.4565656565656566,45,0.6393939393939394,1,3.686868686868687
32,28,0,3,0.040606060606060604,10.242424242424242,0.901010101010101,59,0.6212121212121212,1,3.0
32,542,0,5,0.048484848484848485,8.424242424242424,0.48888888888888893,59,0.6242424242424243,1,3.6464646464646466
32,494,0,7,0.03696969696969697,12.848484848484848,0.602020202020202,53,0.5393939393939394,1,4.858585858585859
32,75,0,3,0.06848484848484848,13.757575757575758,0.7393939393939395,53,0.6454545454545455,1,4.5353535353535355
32,538,0,4,0.07151515151515152,13.151515151515152,0.7878787878787878,43,0.5424242424242425,1,4.05050505050505
32,596,0,3,0.02,11.696969696969697,0.9494949494949495,48,0.5484848484848485,1,3.3636363636363638
32,471,0,3,0.052727272727272734,10.121212121212121,1.0868686868686868,54,0.6787878787878788,1,3.3636363636363638
32,979,0,6,0.023636363636363636,11.575757575757576,0.5535353535353535,54,0.5,1,5.343434343434343
32,964,0,4,0.07757575757575758,10.545454545454545,0.6424242424242425,55,0.6151515151515152,1,4.777777777777778
32,401,0,5,0.0703030303030303,11.93939393939394,0.9818181818181818,55,0.5787878787878789,1,4.373737373737374
32,262,0,3,0.06848484848484848,13.09090909090909,0.6181818181818182,49,0.5969696969696969,1,3.686868686868687
32,550,0,5,0.034545454545454546,8.727272727272727,1.1434343434343435,56,0.5727272727272728,1,5.505050505050505
32,321,0,4,0.02,8.242424242424242,0.5131313131313131,46,0.5060606060606061,1,3.484848484848485
32,203,0,6,0.05393939393939394,8.727272727272727,0.6181818181818182,41,0.7515151515151515,1,6.070707070707071
32,891,0,5,0.041212121212121214,8.242424242424242,0.9494949494949495,57,0.5,1,6.717171717171718
32,677,0,3,0.06787878787878789,12.787878787878789,0.98989898989899,54,0.6424242424242425,1,6.030303030303031
32,692,0,5,0.03212121212121212,9.272727272727273,0.43232323232323233,43,0.7636363636363637,1,5.909090909090909
32,697,0,6,0.07818181818181819,13.151515151515152,1.006060606060606,50,0.5696969696969697,1,4.696969696969697
32,518,0,6,0.08,11.09090909090909,1.094949494949495,50,0.6454545454545455,1,6.070707070707071
32,943,0,6,0.05090909090909091,13.393939393939394,0.6585858585858586,57,0.5121212121212121,1,3.1616161616161618
32,564,0,3,0.0696969696969697,11.151515151515152,0.6828282828282828,52,0.6121212121212122,1,4.252525252525253
32,708,0,6,0.07696969696969697,9.393939393939394,0.795959595959596,43,0.5242424242424243,1,5.020202020202021
32,190,0,4,0.04303030303030303,11.333333333333334,1.1272727272727274,43,0.5181818181818182,1,6.070707070707071
32,954,0,4,0.022424242424242423,12.787878787878789,0.9737373737373738,53,0.5212121212121212,1,4.414141414141414
32,301,0,6,0.07212121212121213,8.424242424242424,0.7717171717171718,58,0.5696969696969697,1,6.232323232323233
31,297,0,3,0.06545454545454546,12.484848484848484,0.9656565656565657,42,0.5696969696969697,1,5.101010101010101
31,962,0,3,0.027272727272727275,8.06060606060606,0.46464646464646464,40,0.5424242424242425,1,5.181818181818182
31,87,0,3,0.048484848484848485,11.636363636363637,0.48888888888888893,43,0.5636363636363636,1,3.9696969696969697
31,656,0,4,0.026666666666666665,10.363636363636363,0.7636363636363637,53,0.509090909090909,1,6.232323232323233
31,661,0,7,0.07575757575757576,11.575757575757576,0.9737373737373738,56,0.7545454545454546,1,3.484848484848485
31,838,0,4,0.061818181818181814,9.575757575757576,0.9656565656565657,46,0.6545454545454545,1,6.515151515151516
31,107,0,7,0.046060606060606066,11.93939393939394,0.5858585858585859,44,0.503030303030303,1,5.747474747474747
31,522,0,7,0.04787878787878788,10.787878787878789,0.5616161616161617,47,0.6151515151515152,1,4.575757575757576
31,476,0,3,0.02,12.848484848484848,1.014141414141414,52,0.6151515151515152,1,6.3939393939393945
31,586,0,5,0.048484848484848485,10.545454545454545,1.014141414141414,46,0.5121212121212121,1,4.373737373737374
31,413,0,3,0.02181818181818182,8.90909090909091,0.7555555555555555,55,0.5545454545454546,1,3.5656565656565657
31,199,0,6,0.034545454545454546,8.121212121212121,0.5212121212121212,59,0.6363636363636364,1,4.333333333333334
31,886,0,5,0.048484848484848485,11.333333333333334,0.8444444444444444,59,0.5151515151515151,1,3.202020202020202
31,792,0,3,0.0703030303030303,13.272727272727273,1.1111111111111112,40,0.6575757575757576,1,5.828282828282829
31,955,0,6,0.07454545454545454,9.515151515151516,0.8767676767676769,46,0.5515151515151515,1,6.6767676767676765
31,990,0,4,0.07393939393939394,13.272727272727273,0.9656565656565657,42,0.6212121212121212,1,5.262626262626263
31,989,0,5,0.03696969696969697,9.030303030303031,1.0545454545454547,45,0.5424242424242425,1,4.373737373737374
31,8,0,5,0.055757575757575756,11.272727272727273,0.4484848484848485,52,0.7333333333333334,1,6.515151515151516
31,132,0,4,0.041212121212121214,11.818181818181818,1.103030303030303,41,0.5575757575757576,1,5.545454545454546
31,872,0,4,0.07151515151515152,13.212121212121211,1.1757575757575758,43,0.6393939393939394,1,3.808080808080808
31,189,0,4,0.051515151515151514,8.06060606060606,0.9737373737373738,52,0.6515151515151516,1,3.8484848484848486
31,491,0,6,0.02484848484848485,13.878787878787879,0.5373737373737374,44,0.5606060606060607,1,5.707070707070708
31,89,0,3,0.06666666666666667,12.969696969696969,1.006060606060606,56,0.7393939393939395,1,3.3636363636363638
31,14,0,6,0.023636363636363636,11.09090909090909,0.496969696969697,59,0.6333333333333333,1,5.262626262626263
31,34,0,5,0.06787878787878789,11.454545454545455,0.7797979797979798,52,0.5787878787878789,1,3.3636363636363638
31,999,0,4,0.04909090909090909,10.0,0.8767676767676769,47,0.5303030303030303,1,4.090909090909091
31,402,0,4,0.055151515151515146,11.636363636363637,1.1434343434343435,58,0.6333333333333333,1,4.9393939393939394
31,448,0,4,0.07454545454545454,8.363636363636363,0.6666666666666667,45,0.6121212121212122,1,3.888888888888889
31,284,0,5,0.07151515151515152,10.121212121212121,0.9656565656565657,52,0.6121212121212122,1,5.98989898989899
31,405,0,5,0.04424242424242424,8.666666666666666,0.901010101010101,55,0.5363636363636364,1,6.515151515151516
31,781,0,3,0.052727272727272734,8.424242424242424,0.8202020202020202,49,0.6272727272727273,1,5.464646464646465
31,171,0,3,0.046060606060606066,11.272727272727273,0.6181818181818182,56,0.5454545454545454,1,5.909090909090909
31,631,0,3,0.04424242424242424,10.121212121212121,0.6828282828282828,55,0.5666666666666667,1,5.8686868686868685
30,617,0,4,0.06484848484848485,13.575757575757576,0.9252525252525253,48,0.6242424242424243,1,3.5656565656565657
30,93,0,7,0.06606060606060606,11.030303030303031,0.5212121212121212,42,0.7333333333333334,1,4.05050505050505
30,113,0,4,0.07393939393939394,9.272727272727273,0.5292929292929294,48,0.6272727272727273,1,4.05050505050505
30,127,0,7,0.048484848484848485,11.454545454545455,0.6343434343434344,48,0.5060606060606061,1,4.090909090909091
30,345,0,4,0.029696969696969697,13.93939393939394,0.602020202020202,49,0.5303030303030303,1,5.424242424242424
30,307,0,4,0.06,13.030303030303031,0.5212121212121212,41,0.5363636363636364,1,6.515151515151516
30,933,0,3,0.06363636363636364,12.545454545454547,0.5777777777777778,57,0.7727272727272727,1,5.424242424242424
30,354,0,4,0.040606060606060604,9.93939393939394,0.593939393939394,59,0.5787878787878789,1,5.8686868686868685
30,467,0,6,0.07151515151515152,8.545454545454545,0.6262626262626263,44,0.5606060606060607,1,4.494949494949495
30,333,0,3,0.04727272727272727,11.636363636363637,0.7555555555555555,41,0.5363636363636364,1,5.020202020202021
30,167,0,5,0.0703030303030303,12.181818181818182,1.1757575757575758,43,0.6242424242424243,1,3.808080808080808
30,576,0,3,0.02303030303030303,13.393939393939394,0.8202020202020202,58,0.5818181818181818,1,3.121212121212121
30,408,0,5,0.07818181818181819,10.0,0.593939393939394,53,0.6121212121212122,1,5.626262626262626
30,737,0,4,0.05454545454545455,11.454545454545455,0.9414141414141415,49,0.5666666666666667,1,3.7272727272727275
30,710,0,7,0.056363636363636366,8.484848484848484,0.5212121212121212,41,0.706060606060606,1,6.070707070707071
30,415,0,4,0.05818181818181818,10.606060606060606,1.1595959595959595,56,0.6636363636363637,1,3.8484848484848486
30,786,0,5,0.07090909090909091,9.272727272727273,0.9252525252525253,55,0.5515151515151515,1,6.838383838383839
30,687,0,3,0.03333333333333333,9.272727272727273,0.496969696969697,55,0.6090909090909091,1,4.373737373737374
30,682,0,4,0.029696969696969697,10.242424242424242,1.0868686868686868,49,0.6,1,5.909090909090909
30,699,0,5,0.06666666666666667,13.696969696969697,0.5696969696969697,57,0.6212121212121212,1,5.8686868686868685
30,357,0,4,0.04,10.606060606060606,0.6747474747474748,51,0.5272727272727272,1,6.030303030303031
30,249,0,5,0.05454545454545455,8.90909090909091,1.103030303030303,44,0.5484848484848485,1,6.555555555555555
30,864,0,5,0.027272727272727275,11.757575757575758,1.094949494949495,53,0.5272727272727272,1,6.595959595959597
30,805,0,3,0.05333333333333333,10.303030303030303,0.6181818181818182,45,0.5818181818181818,1,3.202020202020202
30,827,0,6,0.05454545454545455,9.212121212121213,0.7313131313131314,51,0.5212121212121212,1,3.323232323232323
30,768,0,7,0.041818181818181824,9.454545454545455,0.7313131313131314,56,0.5181818181818182,1,3.282828282828283
30,142,0,4,0.056969696969696976,10.848484848484848,1.1515151515151514,50,0.6424242424242425,1,6.272727272727273
30,635,0,5,0.06060606060606061,10.181818181818182,0.997979797979798,57,0.603030303030303,1,4.1313131313131315
30,705,0,4,0.04727272727272727,12.181818181818182,0.8202020202020202,51,0.5484848484848485,1,4.616161616161616
30,433,0,5,0.06121212121212122,10.121212121212121,0.7393939393939395,48,0.5393939393939394,1,4.575757575757576
30,156,0,5,0.04,13.212121212121211,1.1272727272727274,57,0.5515151515151515,1,4.1313131313131315
30,743,0,5,0.07515151515151515,10.90909090909091,1.006060606060606,48,0.6636363636363637,1,4.97979797979798
30,742,0,6,0.07090909090909091,10.242424242424242,1.0787878787878789,44,0.5848484848484848,1,4.696969696969697
30,609,0,3,0.08,8.848484848484848,0.9737373737373738,40,0.7090909090909091,1,3.4444444444444446
30,59,0,4,0.048484848484848485,13.818181818181818,0.8686868686868687,51,0.7333333333333334,1,4.212121212121212
30,106,0,4,0.07272727272727272,10.06060606060606,0.9090909090909091,48,0.6636363636363637,1,5.505050505050505
29,947,0,7,0.0696969696969697,9.09090909090909,1.2,58,0.6333333333333333,1,3.323232323232323
29,545,0,4,0.03090909090909091,9.818181818181818,1.1595959595959595,47,0.5969696969696969,1,5.383838383838384
29,755,0,4,0.07575757575757576,10.727272727272727,1.0303030303030303,58,0.706060606060606,1,5.505050505050505
29,770,0,5,0.07333333333333333,10.666666666666668,0.6181818181818182,51,0.6212121212121212,1,5.222222222222222
29,541,0,4,0.02484848484848485,13.393939393939394,1.1757575757575758,51,0.6878787878787879,1,4.8989898989899
29,501,0,3,0.08,12.606060606060606,1.006060606060606,41,0.6757575757575758,1,5.181818181818182
29,568,0,5,0.04,10.545454545454545,1.1757575757575758,57,0.6212121212121212,1,3.4444444444444446
29,572,0,4,0.06909090909090909,11.575757575757576,0.4727272727272728,41,0.6090909090909091,1,5.909090909090909
29,783,0,7,0.04909090909090909,8.787878787878787,0.9494949494949495,53,0.5333333333333333,1,3.7676767676767677
29,735,0,4,0.0696969696969697,8.545454545454545,1.0383838383838384,56,0.7030303030303031,1,6.111111111111111
29,739,0,6,0.07393939393939394,13.575757575757576,0.9333333333333333,58,0.593939393939394,1,4.414141414141414
29,729,0,7,0.06484848484848485,11.818181818181818,0.6585858585858586,55,0.5606060606060607,1,6.313131313131313
29,730,0,3,0.03878787878787879,8.666666666666666,1.0464646464646465,54,0.7090909090909091,1,6.838383838383839
29,721,0,3,0.04363636363636364,8.242424242424242,1.183838383838384,52,0.7393939393939395,1,4.454545454545455
29,722,0,3,0.04303030303030303,8.121212121212121,1.0626262626262628,48,0.6575757575757576,1,3.404040404040404
29,439,0,3,0.04909090909090909,10.06060606060606,0.7393939393939395,58,0.6151515151515152,1,4.414141414141414
29,861,0,4,0.025454545454545455,11.333333333333334,1.1757575757575758,58,0.7090909090909091,1,4.292929292929293
29,871,0,4,0.0696969696969697,11.09090909090909,0.9737373737373738,46,0.6818181818181819,1,6.555555555555555
29,642,0,5,0.03333333333333333,12.484848484848484,0.7878787878787878,59,0.5393939393939394,1,6.191919191919192
29,193,0,5,0.02303030303030303,8.727272727272727,1.183838383838384,55,0.6181818181818182,1,3.5656565656565657
29,622,0,3,0.06787878787878789,13.333333333333334,0.46464646464646464,59,0.7090909090909091,1,3.606060606060606
29,159,0,4,0.048484848484848485,9.212121212121213,1.0787878787878789,48,0.6454545454545455,1,4.494949494949495
29,931,0,3,0.05939393939393939,12.787878787878789,1.0626262626262628,51,0.6757575757575758,1,3.3636363636363638
29,128,0,6,0.06606060606060606,13.878787878787879,0.9737373737373738,57,0.5303030303030303,1,4.333333333333334
29,99,0,7,0.046060606060606066,8.121212121212121,1.1515151515151514,40,0.5181818181818182,1,5.303030303030303
29,39,0,3,0.06121212121212122,8.727272727272727,0.901010101010101,48,0.6818181818181819,1,4.696969696969697
29,850,0,6,0.04,12.666666666666668,0.6666666666666667,59,0.5454545454545454,1,5.666666666666667
29,334,0,3,0.07515151515151515,13.757575757575758,0.4484848484848485,50,0.7878787878787878,1,3.6464646464646466
29,806,0,3,0.041818181818181824,11.818181818181818,1.2,48,0.6242424242424243,1,4.333333333333334
29,271,0,5,0.028484848484848484,12.90909090909091,0.6343434343434344,49,0.5424242424242425,1,3.242424242424242
29,608,0,3,0.07090909090909091,9.454545454545455,0.9737373737373738,54,0.7212121212121212,1,3.1616161616161618
29,554,0,4,0.0696969696969697,13.333333333333334,0.5212121212121212,53,0.6333333333333333,1,5.464646464646465
29,296,0,3,0.03696969696969697,12.363636363636363,1.1595959595959595,54,0.6484848484848484,1,5.747474747474747
29,347,0,5,0.04,10.181818181818182,0.4727272727272728,40,0.6272727272727273,1,6.353535353535354
29,826,0,5,0.06848484848484848,8.181818181818182,0.9575757575757576,44,0.6,1,6.595959595959597
29,713,0,5,0.04727272727272727,10.303030303030303,0.602020202020202,43,0.5333333333333333,1,4.292929292929293
29,358,0,5,0.033939393939393936,13.696969696969697,0.4808080808080808,50,0.6272727272727273,1,4.9393939393939394
29,556,0,4,0.04666666666666666,12.727272727272727,0.43232323232323233,43,0.6090909090909091,1,4.575757575757576
28,67,0,4,0.0393939393939394,8.06060606060606,0.8848484848484849,57,0.6242424242424243,1,3.686868686868687
28,950,0,5,0.02,9.818181818181818,0.4404040404040404,57,0.7666666666666667,1,6.111111111111111
28,511,0,4,0.02,11.393939393939394,0.9818181818181818,47,0.6121212121212122,1,3.04040404040404
28,513,0,5,0.04303030303030303,10.363636363636363,0.5696969696969697,53,0.593939393939394,1,3.3636363636363638
28,509,0,4,0.07757575757575758,13.333333333333334,0.4404040404040404,45,0.6787878787878788,1,3.9292929292929295
28,61,0,6,0.03333333333333333,12.666666666666668,1.1595959595959595,53,0.5212121212121212,1,5.666666666666667
28,977,0,4,0.03696969696969697,11.151515151515152,1.183838383838384,47,0.6060606060606061,1,3.9292929292929295
28,763,0,3,0.028484848484848484,10.606060606060606,1.1595959595959595,45,0.603030303030303,1,4.494949494949495
28,534,0,7,0.052121212121212124,10.424242424242424,0.5777777777777778,50,0.6333333333333333,1,3.888888888888889
28,521,0,5,0.06787878787878789,13.454545454545455,1.2,41,0.7030303030303031,1,4.575757575757576
28,852,0,4,0.048484848484848485,10.484848484848484,0.496969696969697,59,0.6606060606060606,1,3.080808080808081
28,228,0,5,0.04,13.272727272727273,0.9090909090909091,40,0.5181818181818182,1,5.505050505050505
28,873,0,3,0.03575757575757576,10.848484848484848,0.8282828282828283,55,0.6484848484848484,1,5.94949494949495
28,72,0,5,0.0696969696969697,13.878787878787879,1.1111111111111112,49,0.6484848484848484,1,4.454545454545455
28,907,0,7,0.041818181818181824,9.696969696969697,0.602020202020202,56,0.593939393939394,1,4.97979797979798
28,38,0,5,0.03151515151515152,11.878787878787879,1.191919191919192,46,0.5848484848484848,1,3.808080808080808
28,131,0,4,0.033939393939393936,11.272727272727273,1.1434343434343435,50,0.6121212121212122,1,6.313131313131313
28,149,0,6,0.07575757575757576,8.969696969696969,0.602020202020202,52,0.6424242424242425,1,3.404040404040404
28,655,0,4,0.041818181818181824,13.212121212121211,0.593939393939394,41,0.5515151515151515,1,6.232323232323233
28,646,0,3,0.025454545454545455,11.818181818181818,0.48888888888888893,52,0.6060606060606061,1,7.0
28,995,0,3,0.05818181818181818,13.575757575757576,1.0787878787878789,45,0.6636363636363637,1,3.3636363636363638
28,993,0,7,0.062424242424242424,12.484848484848484,0.9414141414141415,52,0.5515151515151515,1,5.181818181818182
28,674,0,6,0.029696969696969697,12.666666666666668,0.593939393939394,41,0.5424242424242425,1,6.7979797979797985
28,664,0,3,0.05090909090909091,11.393939393939394,0.8848484848484849,55,0.6515151515151516,1,3.9696969696969697
28,42,0,4,0.06,8.606060606060606,1.0868686868686868,49,0.7000000000000001,1,5.222222222222222
28,901,0,4,0.06606060606060606,8.606060606060606,1.1191919191919193,45,0.7090909090909091,1,6.111111111111111
28,197,0,5,0.03272727272727273,11.151515151515152,1.191919191919192,57,0.6454545454545455,1,6.595959595959597
28,234,0,5,0.03212121212121212,11.757575757575758,0.997979797979798,57,0.603030303030303,1,5.020202020202021
28,694,0,3,0.05333333333333333,11.333333333333334,0.8929292929292929,46,0.6393939393939394,1,5.98989898989899
28,180,0,4,0.0496969696969697,10.787878787878789,0.7878787878787878,46,0.5393939393939394,1,4.616161616161616
28,696,0,6,0.03636363636363636,12.242424242424242,0.9818181818181818,55,0.5060606060606061,1,6.7979797979797985
28,684,0,5,0.020606060606060607,8.969696969696969,0.496969696969697,46,0.6151515151515152,1,4.97979797979798
28,590,0,5,0.03696969696969697,9.454545454545455,0.8767676767676769,51,0.5333333333333333,1,5.181818181818182
28,279,0,6,0.04909090909090909,9.636363636363637,0.5696969696969697,57,0.6303030303030304,1,5.101010101010101
28,559,0,5,0.029696969696969697,8.0,1.0383838383838384,44,0.5575757575757576,1,4.737373737373737
28,386,0,5,0.03696969696969697,9.454545454545455,1.2,52,0.6454545454545455,1,5.666666666666667
28,802,0,5,0.046060606060606066,11.818181818181818,1.1595959595959595,54,0.6121212121212122,1,3.7272727272727275
28,322,0,4,0.03575757575757576,9.636363636363637,0.5050505050505051,42,0.5818181818181818,1,4.858585858585859
28,523,0,5,0.051515151515151514,8.666666666666666,0.9414141414141415,46,0.503030303030303,1,4.01010101010101
28,760,0,6,0.04666666666666666,12.121212121212121,0.8929292929292929,45,0.5060606060606061,1,5.101010101010101
28,749,0,5,0.07393939393939394,11.818181818181818,0.593939393939394,59,0.6909090909090909,1,3.606060606060606
28,484,0,6,0.023636363636363636,12.06060606060606,0.9414141414141415,43,0.7030303030303031,1,3.7676767676767677
28,828,0,4,0.052727272727272734,12.424242424242426,1.1434343434343435,48,0.7121212121212122,1,4.8989898989899
28,286,0,5,0.03696969696969697,13.757575757575758,0.5292929292929294,46,0.5575757575757576,1,4.616161616161616
28,350,0,7,0.05939393939393939,10.666666666666668,0.98989898989899,48,0.5303030303030303,1,5.181818181818182
28,343,0,7,0.052727272727272734,8.545454545454545,0.6747474747474748,47,0.5333333333333333,1,6.353535353535354
28,830,0,5,0.05939393939393939,11.818181818181818,0.5454545454545454,49,0.6090909090909091,1,3.6464646464646466
28,422,0,6,0.04303030303030303,11.93939393939394,1.1676767676767676,40,0.5060606060606061,1,4.05050505050505
28,400,0,5,0.04787878787878788,10.727272727272727,1.1272727272727274,48,0.5787878787878789,1,3.5656565656565657
28,450,0,5,0.07636363636363637,11.696969696969697,0.7474747474747475,54,0.6393939393939394,1,4.01010101010101
28,707,0,3,0.03333333333333333,10.303030303030303,0.4,48,0.6606060606060606,1,6.272727272727273
27,866,0,3,0.04787878787878788,10.181818181818182,0.5858585858585859,47,0.6242424242424243,1,5.343434343434343
27,855,0,3,0.023636363636363636,8.90909090909091,0.5292929292929294,48,0.5757575757575758,1,3.323232323232323
27,928,0,4,0.0703030303030303,11.515151515151516,0.698989898989899,47,0.6393939393939394,1,3.484848484848485
27,882,0,5,0.029696969696969697,13.212121212121211,0.9333333333333333,55,0.5515151515151515,1,5.787878787878788
27,645,0,5,0.021212121212121213,9.575757575757576,1.103030303030303,47,0.5545454545454546,1,4.454545454545455
27,666,0,6,0.06787878787878789,13.515151515151516,0.6181818181818182,54,0.6393939393939394,1,5.545454545454546
27,672,0,3,0.04727272727272727,9.09090909090909,0.8848484848484849,55,0.6878787878787879,1,6.313131313131313
27,462,0,3,0.06424242424242424,11.333333333333334,0.8767676767676769,51,0.6757575757575758,1,3.323232323232323
27,508,0,4,0.041212121212121214,8.727272727272727,0.46464646464646464,47,0.6666666666666667,1,3.0
27,540,0,5,0.06363636363636364,9.09090909090909,0.4484848484848485,48,0.8,1,6.111111111111111
27,733,0,4,0.027272727272727275,13.515151515151516,1.1111111111111112,48,0.593939393939394,1,3.9696969696969697
27,529,0,6,0.03333333333333333,12.363636363636363,1.1757575757575758,59,0.603030303030303,1,4.454545454545455
27,939,0,7,0.035151515151515156,8.242424242424242,1.1676767676767676,41,0.5121212121212121,1,4.05050505050505
27,961,0,5,0.023636363636363636,9.212121212121213,1.183838383838384,54,0.7181818181818183,1,5.545454545454546
27,957,0,5,0.044848484848484846,13.696969696969697,0.4727272727272728,48,0.6484848484848484,1,3.080808080808081
27,969,0,6,0.056363636363636366,8.727272727272727,0.7070707070707071,43,0.5212121212121212,1,5.222222222222222
27,524,0,3,0.051515151515151514,8.0,0.9575757575757576,44,0.6484848484848484,1,3.0
27,20,0,6,0.04,12.363636363636363,0.7636363636363637,57,0.5212121212121212,1,4.858585858585859
27,25,0,5,0.05878787878787879,8.484848484848484,0.8121212121212121,54,0.5818181818181818,1,6.313131313131313
27,206,0,6,0.07696969696969697,11.393939393939394,0.9333333333333333,50,0.6060606060606061,1,5.222222222222222
27,12,0,4,0.0696969696969697,9.636363636363637,0.8767676767676769,42,0.6303030303030304,1,4.8989898989899
27,759,0,4,0.0496969696969697,12.06060606060606,0.6909090909090909,55,0.593939393939394,1,6.151515151515152
27,746,0,7,0.07878787878787878,9.272727272727273,1.0383838383838384,41,0.7212121212121212,1,6.878787878787879
27,788,0,3,0.02181818181818182,9.333333333333334,0.4161616161616162,49,0.6606060606060606,1,3.323232323232323
27,715,0,6,0.04303030303030303,9.93939393939394,1.0303030303030303,47,0.5333333333333333,1,3.404040404040404
27,282,0,6,0.06484848484848485,8.969696969696969,1.183838383838384,51,0.6909090909090909,1,5.545454545454546
27,796,0,5,0.028484848484848484,11.878787878787879,1.183838383838384,43,0.593939393939394,1,3.282828282828283
27,765,0,7,0.07151515151515152,10.181818181818182,0.7797979797979798,54,0.5818181818181818,1,4.171717171717171
27,709,0,6,0.07818181818181819,9.333333333333334,0.8121212121212121,58,0.6696969696969697,1,6.636363636363637
27,712,0,6,0.021212121212121213,11.454545454545455,1.0545454545454547,58,0.5424242424242425,1,5.94949494949495
27,716,0,7,0.055151515151515146,12.545454545454547,1.0222222222222221,57,0.5878787878787879,1,3.242424242424242
27,551,0,7,0.04,10.363636363636363,0.997979797979798,52,0.5242424242424243,1,4.01010101010101
27,323,0,6,0.029696969696969697,9.393939393939394,0.8444444444444444,44,0.503030303030303,1,4.616161616161616
27,555,0,3,0.0696969696969697,11.93939393939394,0.5777777777777778,53,0.706060606060606,1,4.777777777777778
27,885,0,5,0.03090909090909091,11.333333333333334,0.997979797979798,48,0.5727272727272728,1,5.707070707070708
27,248,0,5,0.055151515151515146,11.030303030303031,1.1595959595959595,46,0.6363636363636364,1,5.909090909090909
27,890,0,6,0.028484848484848484,8.727272727272727,0.9494949494949495,46,0.5060606060606061,1,4.696969696969697
27,191,0,4,0.056363636363636366,9.030303030303031,1.0787878787878789,52,0.7151515151515152,1,5.222222222222222
27,912,0,4,0.03272727272727273,9.333333333333334,0.8929292929292929,59,0.7272727272727273,1,6.3939393939393945
27,349,0,7,0.06121212121212122,10.727272727272727,0.8606060606060606,49,0.5515151515151515,1,6.111111111111111
27,101,0,3,0.03333333333333333,10.969696969696969,1.0787878787878789,43,0.6272727272727273,1,6.636363636363637
27,295,0,6,0.026666666666666665,10.121212121212121,1.0787878787878789,50,0.509090909090909,1,6.353535353535354
26,468,0,5,0.07515151515151515,9.696969696969697,0.6343434343434344,43,0.6181818181818182,1,4.575757575757576
26,503,0,4,0.02181818181818182,10.181818181818182,0.7232323232323232,43,0.5212121212121212,1,5.181818181818182
26,502,0,3,0.02303030303030303,14.0,0.8363636363636364,43,0.6212121212121212,1,3.282828282828283
26,495,0,6,0.07272727272727272,9.333333333333334,0.7393939393939395,40,0.5212121212121212,1,3.0
26,464,0,4,0.040606060606060604,12.181818181818182,0.6666666666666667,46,0.5848484848484848,1,7.0
26,937,0,4,0.035151515151515156,10.969696969696969,0.5050505050505051,46,0.6333333333333333,1,7.0
26,940,0,4,0.041212121212121214,10.242424242424242,0.9333333333333333,40,0.5848484848484848,1,3.0
26,952,0,3,0.07636363636363637,13.818181818181818,0.9171717171717172,43,0.7303030303030303,1,6.878787878787879
26,960,0,6,0.03878787878787879,10.969696969696969,1.0626262626262628,51,0.5969696969696969,1,4.737373737373737
26,972,0,6,0.03212121212121212,11.878787878787879,1.0626262626262628,56,0.5454545454545454,1,3.0
26,492,0,6,0.055757575757575756,13.393939393939394,1.006060606060606,48,0.5545454545454546,1,3.9696969696969697
26,970,0,3,0.03090909090909091,13.09090909090909,0.6585858585858586,44,0.5636363636363636,1,3.121212121212121
26,971,0,5,0.026060606060606062,14.0,1.006060606060606,50,0.6181818181818182,1,3.525252525252525
26,268,0,6,0.034545454545454546,13.575757575757576,0.9656565656565657,52,0.5848484848484848,1,3.9696969696969697
26,856,0,5,0.03272727272727273,12.969696969696969,1.1434343434343435,58,0.6090909090909091,1,3.04040404040404
26,305,0,4,0.035151515151515156,13.272727272727273,1.0383838383838384,47,0.6121212121212122,1,6.555555555555555
26,348,0,4,0.029696969696969697,12.0,0.8686868686868687,49,0.5909090909090909,1,4.777777777777778
26,339,0,6,0.024242424242424242,9.454545454545455,1.1595959595959595,54,0.603030303030303,1,4.01010101010101
26,817,0,4,0.03272727272727273,13.272727272727273,0.5454545454545454,57,0.6454545454545455,1,6.232323232323233
26,804,0,6,0.05939393939393939,9.272727272727273,0.7797979797979798,58,0.6,1,6.91919191919192
26,316,0,4,0.061818181818181814,12.0,0.7717171717171718,46,0.593939393939394,1,3.686868686868687
26,426,0,3,0.026666666666666665,8.363636363636363,0.98989898989899,52,0.6333333333333333,1,5.505050505050505
26,565,0,3,0.04242424242424242,9.696969696969697,0.593939393939394,53,0.6393939393939394,1,4.373737373737374
26,795,0,3,0.02,10.727272727272727,0.5131313131313131,48,0.5909090909090909,1,5.787878787878788
26,395,0,6,0.028484848484848484,12.121212121212121,0.5212121212121212,52,0.6515151515151516,1,4.212121212121212
26,366,0,3,0.020606060606060607,12.545454545454547,0.8363636363636364,44,0.6181818181818182,1,7.0
26,364,0,7,0.020606060606060607,14.0,1.1434343434343435,50,0.5,1,6.878787878787879
26,210,0,4,0.046060606060606066,10.848484848484848,0.8686868686868687,47,0.5484848484848485,1,6.717171717171718
26,134,0,5,0.07151515151515152,10.90909090909091,1.0303030303030303,57,0.7484848484848485,1,5.262626262626263
26,903,0,7,0.07454545454545454,8.242424242424242,0.8929292929292929,50,0.6121212121212122,1,3.404040404040404
26,904,0,6,0.07333333333333333,12.727272727272727,1.183838383838384,42,0.6545454545454545,1,6.191919191919192
26,634,0,3,0.07636363636363637,11.272727272727273,0.7313131313131314,47,0.6606060606060606,1,5.262626262626263
26,194,0,3,0.03090909090909091,13.818181818181818,0.698989898989899,54,0.6090909090909091,1,6.313131313131313
26,117,0,7,0.033939393939393936,13.818181818181818,1.006060606060606,59,0.5636363636363636,1,5.0606060606060606
26,152,0,3,0.03090909090909091,9.212121212121213,1.0545454545454547,47,0.6878787878787879,1,4.212121212121212
26,115,0,6,0.03575757575757576,10.787878787878789,1.1676767676767676,56,0.6424242424242425,1,5.545454545454546
26,924,0,7,0.045454545454545456,12.363636363636363,0.602020202020202,55,0.6272727272727273,1,3.242424242424242
26,54,0,6,0.06363636363636364,10.727272727272727,1.1757575757575758,56,0.7424242424242424,1,6.636363636363637
26,49,0,3,0.05878787878787879,9.575757575757576,1.1353535353535353,44,0.7393939393939395,1,5.181818181818182
26,926,0,5,0.06606060606060606,9.212121212121213,0.46464646464646464,42,0.7484848484848485,1,3.606060606060606
26,670,0,5,0.02909090909090909,11.454545454545455,1.006060606060606,40,0.5515151515151515,1,4.575757575757576
26,40,0,5,0.03818181818181818,12.90909090909091,0.5616161616161617,58,0.6303030303030304,1,4.9393939393939394
26,988,0,4,0.04424242424242424,8.06060606060606,1.1272727272727274,49,0.7030303030303031,1,5.909090909090909
26,1,0,7,0.035151515151515156,8.606060606060606,0.6343434343434344,40,0.5515151515151515,1,3.282828282828283
26,10,0,6,0.04666666666666666,8.545454545454545,0.9737373737373738,50,0.5787878787878789,1,3.4444444444444446
25,124,0,6,0.03090909090909091,10.969696969696969,0.5696969696969697,43,0.5848484848484848,1,3.282828282828283
25,925,0,5,0.06121212121212122,13.93939393939394,0.7070707070707071,53,0.6151515151515152,1,5.0606060606060606
25,186,0,7,0.06666666666666667,9.212121212121213,0.7717171717171718,59,0.6090909090909091,1,6.7979797979797985
25,911,0,6,0.04424242424242424,10.545454545454545,0.593939393939394,58,0.6545454545454545,1,3.686868686868687
25,144,0,6,0.0696969696969697,8.363636363636363,0.8444444444444444,54,0.6575757575757576,1,5.141414141414142
25,693,0,6,0.052727272727272734,9.575757575757576,0.6828282828282828,45,0.7515151515151515,1,6.757575757575758
25,613,0,5,0.048484848484848485,12.90909090909091,0.5050505050505051,44,0.6696969696969697,1,5.424242424242424
25,840,0,6,0.048484848484848485,12.303030303030303,1.0787878787878789,45,0.6212121212121212,1,3.606060606060606
25,567,0,6,0.03636363636363636,13.333333333333334,0.8444444444444444,41,0.5181818181818182,1,3.7272727272727275
25,570,0,4,0.046060606060606066,10.0,0.5535353535353535,51,0.6606060606060606,1,6.474747474747475
25,255,0,4,0.03090909090909091,9.272727272727273,0.7636363636363637,59,0.5757575757575758,1,4.171717171717171
25,258,0,7,0.07272727272727272,9.818181818181818,0.8202020202020202,55,0.6272727272727273,1,6.757575757575758
25,213,0,5,0.034545454545454546,11.09090909090909,1.014141414141414,49,0.6090909090909091,1,4.01010101010101
25,209,0,4,0.03151515151515152,13.696969696969697,0.43232323232323233,51,0.6787878787878788,1,3.1616161616161618
25,226,0,5,0.05939393939393939,9.818181818181818,0.7717171717171718,43,0.5545454545454546,1,4.05050505050505
25,185,0,7,0.03151515151515152,13.09090909090909,1.1595959595959595,47,0.5303030303030303,1,6.434343434343434
25,853,0,5,0.062424242424242424,12.242424242424242,1.0868686868686868,55,0.7030303030303031,1,6.636363636363637
25,281,0,7,0.05030303030303031,10.727272727272727,1.1434343434343435,46,0.5636363636363636,1,5.747474747474747
25,837,0,4,0.04303030303030303,13.09090909090909,0.5535353535353535,42,0.6212121212121212,1,4.01010101010101
25,562,0,6,0.04666666666666666,13.09090909090909,1.0222222222222221,57,0.5878787878787879,1,4.737373737373737
25,86,0,5,0.04727272727272727,12.363636363636363,0.8525252525252526,56,0.5757575757575758,1,3.242424242424242
25,438,0,5,0.03090909090909091,9.515151515151516,0.9818181818181818,49,0.5727272727272728,1,3.525252525252525
25,985,0,4,0.05090909090909091,8.484848484848484,0.7151515151515151,52,0.5878787878787879,1,4.858585858585859
25,80,0,6,0.024242424242424242,9.636363636363637,1.1191919191919193,51,0.603030303030303,1,5.505050505050505
25,987,0,6,0.03333333333333333,12.787878787878789,0.7393939393939395,50,0.5212121212121212,1,6.878787878787879
25,648,0,6,0.024242424242424242,11.878787878787879,1.1676767676767676,59,0.6212121212121212,1,5.98989898989899
25,965,0,5,0.055757575757575756,12.424242424242426,0.9171717171717172,47,0.5878787878787879,1,6.6767676767676765
25,486,0,7,0.07878787878787878,12.606060606060606,1.1191919191919193,57,0.6636363636363637,1,4.9393939393939394
25,512,0,7,0.062424242424242424,11.272727272727273,1.1595959595959595,55,0.7484848484848485,1,5.707070707070708
25,304,0,5,0.07212121212121213,9.212121212121213,0.6747474747474748,54,0.6515151515151516,1,4.818181818181818
25,766,0,7,0.06303030303030303,13.757575757575758,0.7878787878787878,43,0.5181818181818182,1,5.141414141414142
25,313,0,4,0.037575757575757575,8.969696969696969,0.8444444444444444,41,0.5666666666666667,1,3.9696969696969697
25,778,0,3,0.055151515151515146,14.0,0.9656565656565657,59,0.7515151515151515,1,4.656565656565657
25,88,0,5,0.07878787878787878,9.151515151515152,0.5535353535353535,49,0.706060606060606,1,4.212121212121212
25,391,0,3,0.07696969696969697,13.818181818181818,0.7474747474747475,43,0.6757575757575758,1,5.383838383838384
25,69,0,7,0.046060606060606066,13.454545454545455,0.7313131313131314,41,0.5181818181818182,1,4.494949494949495
24,527,0,7,0.026060606060606062,8.848484848484848,1.1595959595959595,55,0.6121212121212122,1,3.282828282828283
24,736,0,7,0.029696969696969697,10.242424242424242,0.8040404040404041,51,0.5484848484848485,1,5.181818181818182
24,205,0,7,0.03878787878787879,11.696969696969697,0.7878787878787878,40,0.5181818181818182,1,3.323232323232323
24,201,0,5,0.03090909090909091,8.363636363636363,0.7474747474747475,40,0.5393939393939394,1,6.7979797979797985
24,848,0,7,0.03636363636363636,13.272727272727273,1.0545454545454547,45,0.5606060606060607,1,5.94949494949495
24,291,0,4,0.07090909090909091,12.242424242424242,0.5131313131313131,53,0.7121212121212122,1,4.696969696969697
24,601,0,7,0.020606060606060607,13.575757575757576,1.1434343434343435,45,0.5060606060606061,1,4.414141414141414
24,198,0,4,0.021212121212121213,10.363636363636363,0.9414141414141415,57,0.6818181818181819,1,3.606060606060606
24,695,0,3,0.04909090909090909,12.848484848484848,0.6585858585858586,41,0.6090909090909091,1,3.525252525252525
24,894,0,7,0.07818181818181819,8.242424242424242,0.7555555555555555,50,0.6303030303030304,1,6.6767676767676765
24,259,0,4,0.024242424242424242,10.727272727272727,0.7313131313131314,54,0.5666666666666667,1,4.333333333333334
24,752,0,5,0.051515151515151514,11.151515151515152,1.0707070707070707,55,0.693939393939394,1,6.030303030303031
24,232,0,6,0.07696969696969697,13.696969696969697,0.6666666666666667,57,0.6787878787878788,1,5.747474747474747
24,548,0,6,0.027878787878787878,11.818181818181818,1.0707070707070707,57,0.6393939393939394,1,5.020202020202021
24,719,0,6,0.04424242424242424,12.06060606060606,0.98989898989899,54,0.6060606060606061,1,6.353535353535354
24,728,0,6,0.040606060606060604,10.666666666666668,0.7555555555555555,54,0.5606060606060607,1,6.434343434343434
24,621,0,6,0.07272727272727272,10.545454545454545,0.8121212121212121,47,0.6,1,4.373737373737374
24,168,0,4,0.026060606060606062,8.90909090909091,0.7232323232323232,44,0.5393939393939394,1,6.474747474747475
24,176,0,7,0.02303030303030303,10.181818181818182,0.7393939393939395,42,0.5181818181818182,1,5.98989898989899
24,195,0,6,0.03333333333333333,8.90909090909091,1.0626262626262628,49,0.6060606060606061,1,6.272727272727273
24,588,0,7,0.05757575757575757,13.272727272727273,1.1676767676767676,45,0.6151515151515152,1,4.414141414141414
24,676,0,7,0.07575757575757576,10.121212121212121,1.0707070707070707,50,0.6545454545454545,1,6.434343434343434
24,683,0,5,0.06848484848484848,8.424242424242424,1.0626262626262628,45,0.7121212121212122,1,4.494949494949495
24,619,0,3,0.044848484848484846,13.393939393939394,0.5454545454545454,58,0.7090909090909091,1,5.383838383838384
24,598,0,7,0.024242424242424242,13.030303030303031,0.9171717171717172,40,0.509090909090909,1,4.414141414141414
24,702,0,4,0.0496969696969697,11.333333333333334,0.6181818181818182,43,0.6151515151515152,1,5.505050505050505
24,153,0,7,0.04424242424242424,11.696969696969697,0.7151515151515151,58,0.593939393939394,1,6.636363636363637
24,917,0,4,0.07575757575757576,10.06060606060606,0.8525252525252526,44,0.6878787878787879,1,6.878787878787879
24,30,0,7,0.028484848484848484,8.727272727272727,0.9333333333333333,54,0.5575757575757576,1,5.5858585858585865
24,11,0,5,0.03878787878787879,13.636363636363637,0.8606060606060606,52,0.5636363636363636,1,5.94949494949495
24,663,0,5,0.07636363636363637,13.636363636363637,0.7636363636363637,44,0.6454545454545455,1,3.202020202020202
24,986,0,3,0.02303030303030303,11.333333333333334,0.7313131313131314,55,0.6484848484848484,1,4.454545454545455
24,22,0,3,0.02303030303030303,12.545454545454547,0.6828282828282828,58,0.6393939393939394,1,6.232323232323233
24,660,0,7,0.05333333333333333,11.393939393939394,0.8202020202020202,59,0.6,1,3.888888888888889
24,659,0,5,0.021212121212121213,9.09090909090909,0.7393939393939395,56,0.5696969696969697,1,4.858585858585859
24,658,0,7,0.07393939393939394,9.757575757575758,1.0464646464646465,41,0.6303030303030304,1,4.212121212121212
24,385,0,7,0.06363636363636364,11.636363636363637,0.8282828282828283,58,0.593939393939394,1,3.5656565656565657
24,394,0,5,0.03878787878787879,10.545454545454545,0.7797979797979798,56,0.6,1,3.4444444444444446
24,382,0,6,0.05393939393939394,8.121212121212121,1.1272727272727274,51,0.6696969696969697,1,3.8484848484848486
24,300,0,3,0.026060606060606062,10.545454545454545,0.6343434343434344,47,0.593939393939394,1,5.8686868686868685
24,753,0,7,0.027878787878787878,12.484848484848484,0.5535353535353535,58,0.6909090909090909,1,4.494949494949495
24,423,0,6,0.0703030303030303,11.636363636363637,0.8040404040404041,46,0.603030303030303,1,5.828282828282829
24,818,0,7,0.03696969696969697,8.606060606060606,0.9171717171717172,40,0.5333333333333333,1,3.888888888888889
24,816,0,7,0.055151515151515146,11.212121212121213,0.8040404040404041,40,0.5333333333333333,1,4.494949494949495
24,306,0,6,0.055757575757575756,10.303030303030303,0.6666666666666667,46,0.5818181818181818,1,3.484848484848485
24,515,0,3,0.06909090909090909,9.515151515151516,0.5373737373737374,57,0.7424242424242424,1,6.757575757575758
24,480,0,7,0.041212121212121214,8.787878787878787,0.7878787878787878,42,0.5424242424242425,1,3.282828282828283
24,45,0,4,0.06060606060606061,9.93939393939394,0.7797979797979798,57,0.6484848484848484,1,3.242424242424242
24,68,0,5,0.05030303030303031,13.333333333333334,0.8282828282828283,55,0.5848484848484848,1,4.656565656565657
24,832,0,7,0.07454545454545454,12.424242424242426,1.1434343434343435,40,0.6242424242424243,1,6.757575757575758
24,293,0,5,0.028484848484848484,12.666666666666668,0.8444444444444444,51,0.5606060606060607,1,4.9393939393939394
24,820,0,7,0.02303030303030303,13.878787878787879,0.7878787878787878,44,0.5303030303030303,1,5.828282828282829
24,326,0,7,0.025454545454545455,13.575757575757576,0.7717171717171718,58,0.5636363636363636,1,5.464646464646465
24,303,0,4,0.027878787878787878,9.454545454545455,0.9818181818181818,50,0.696969696969697,1,4.373737373737374
23,118,0,5,0.05818181818181818,12.606060606060606,0.5777777777777778,56,0.693939393939394,1,3.121212121212121
23,691,0,7,0.06666666666666667,9.515151515151516,0.5454545454545454,55,0.790909090909091,1,3.7272727272727275
23,643,0,3,0.03878787878787879,12.484848484848484,0.8848484848484849,55,0.7424242424242424,1,6.7979797979797985
23,698,0,7,0.044848484848484846,9.151515151515152,0.901010101010101,44,0.5848484848484848,1,4.05050505050505
23,594,0,3,0.033939393939393936,8.666666666666666,0.7797979797979798,59,0.7090909090909091,1,5.5858585858585865
23,173,0,3,0.06787878787878789,11.333333333333334,0.7636363636363637,45,0.7181818181818183,1,5.545454545454546
23,287,0,4,0.04666666666666666,12.848484848484848,0.8363636363636364,57,0.6666666666666667,1,5.626262626262626
23,280,0,4,0.03878787878787879,12.606060606060606,0.997979797979798,47,0.7000000000000001,1,5.828282828282829
23,238,0,3,0.040606060606060604,10.424242424242424,0.5777777777777778,50,0.693939393939394,1,6.7979797979797985
23,526,0,5,0.035151515151515156,11.272727272727273,0.8606060606060606,55,0.5909090909090909,1,6.313131313131313
23,738,0,6,0.037575757575757575,12.424242424242426,1.0303030303030303,52,0.6545454545454545,1,3.6464646464646466
23,121,0,6,0.052121212121212124,12.484848484848484,1.183838383838384,55,0.7090909090909091,1,4.090909090909091
23,102,0,4,0.0496969696969697,13.09090909090909,0.8040404040404041,46,0.6151515151515152,1,6.3939393939393945
23,108,0,4,0.06484848484848485,10.242424242424242,0.5373737373737374,44,0.7272727272727273,1,3.9292929292929295
23,137,0,5,0.03636363636363636,13.030303030303031,0.6262626262626263,51,0.6121212121212122,1,5.707070707070708
23,140,0,7,0.02,9.212121212121213,1.1272727272727274,49,0.5878787878787879,1,4.494949494949495
23,163,0,4,0.05757575757575757,12.121212121212121,0.8444444444444444,46,0.6818181818181819,1,6.474747474747475
23,478,0,7,0.06727272727272728,13.272727272727273,0.8040404040404041,50,0.7606060606060606,1,4.171717171717171
23,263,0,7,0.07515151515151515,10.727272727272727,1.0464646464646465,40,0.6242424242424243,1,5.545454545454546
23,824,0,3,0.04666666666666666,9.818181818181818,0.8363636363636364,51,0.7090909090909091,1,3.5656565656565657
23,821,0,6,0.04727272727272727,13.272727272727273,0.7797979797979798,41,0.5545454545454546,1,4.696969696969697
23,325,0,5,0.03696969696969697,8.181818181818182,0.7797979797979798,45,0.5878787878787879,1,4.737373737373737
23,379,0,5,0.06848484848484848,12.424242424242426,1.0707070707070707,50,0.7272727272727273,1,4.171717171717171
23,497,0,5,0.062424242424242424,9.272727272727273,1.0222222222222221,52,0.7303030303030303,1,5.222222222222222
23,547,0,7,0.0393939393939394,8.181818181818182,0.9656565656565657,57,0.6484848484848484,1,5.222222222222222
23,488,0,4,0.06727272727272728,13.09090909090909,0.7797979797979798,44,0.6363636363636364,1,6.474747474747475
23,463,0,5,0.055757575757575756,13.333333333333334,0.8686868686868687,43,0.6,1,4.373737373737374
23,428,0,6,0.06727272727272728,13.696969696969697,1.0707070707070707,59,0.696969696969697,1,4.696969696969697
23,427,0,6,0.04242424242424242,9.757575757575758,0.6424242424242425,40,0.5878787878787879,1,6.515151515151516
23,460,0,7,0.024242424242424242,10.06060606060606,0.9252525252525253,49,0.5515151515151515,1,3.484848484848485
23,794,0,6,0.03636363636363636,12.606060606060606,0.9737373737373738,45,0.6060606060606061,1,3.121212121212121
23,801,0,6,0.04303030303030303,10.242424242424242,1.0303030303030303,57,0.7393939393939395,1,3.525252525252525
23,412,0,5,0.062424242424242424,9.272727272727273,0.8606060606060606,56,0.6909090909090909,1,3.606060606060606
23,380,0,5,0.03696969696969697,12.787878787878789,0.8121212121212121,42,0.5818181818181818,1,4.090909090909091
23,418,0,4,0.033939393939393936,8.363636363636363,0.5292929292929294,50,0.7515151515151515,1,6.7979797979797985
23,74,0,3,0.056969696969696976,9.757575757575758,0.602020202020202,52,0.7484848484848485,1,4.01010101010101
23,78,0,6,0.0496969696969697,8.484848484848484,0.593939393939394,48,0.6484848484848484,1,4.737373737373737
23,26,0,4,0.07575757575757576,9.696969696969697,0.6262626262626263,43,0.6636363636363637,1,6.474747474747475
22,973,0,4,0.06848484848484848,13.393939393939394,0.4484848484848485,50,0.7666666666666667,1,3.202020202020202
22,384,0,5,0.05818181818181818,9.575757575757576,0.8363636363636364,53,0.6545454545454545,1,5.545454545454546
22,968,0,6,0.03212121212121212,8.121212121212121,1.103030303030303,57,0.6727272727272727,1,5.020202020202021
22,992,0,3,0.07696969696969697,13.272727272727273,0.6909090909090909,43,0.7121212121212122,1,4.575757575757576
22,653,0,4,0.05878787878787879,12.0,0.9414141414141415,53,0.7272727272727273,1,5.141414141414142
22,82,0,3,0.040606060606060604,12.424242424242426,0.6343434343434344,45,0.6212121212121212,1,4.414141414141414
22,41,0,7,0.055757575757575756,12.606060606060606,1.1353535353535353,54,0.7454545454545455,1,4.292929292929293
22,667,0,3,0.06484848484848485,9.030303030303031,0.5292929292929294,49,0.7363636363636363,1,3.9292929292929295
22,377,0,3,0.05818181818181818,10.90909090909091,0.593939393939394,54,0.7090909090909091,1,4.171717171717171
22,416,0,3,0.07575757575757576,12.90909090909091,0.5858585858585859,45,0.7303030303030303,1,3.4444444444444446
22,546,0,5,0.04363636363636364,13.393939393939394,1.0868686868686868,43,0.6363636363636364,1,6.070707070707071
22,510,0,6,0.07818181818181819,9.93939393939394,0.5373737373737374,42,0.7333333333333334,1,5.262626262626263
22,390,0,6,0.022424242424242423,9.515151515151516,1.1434343434343435,46,0.6515151515151516,1,4.737373737373737
22,446,0,3,0.041818181818181824,11.696969696969697,0.5131313131313131,58,0.7272727272727273,1,5.8686868686868685
22,403,0,4,0.024242424242424242,10.606060606060606,0.5858585858585859,41,0.603030303030303,1,5.828282828282829
22,392,0,4,0.045454545454545456,13.151515151515152,0.6747474747474748,44,0.6303030303030304,1,6.515151515151516
22,963,0,3,0.0703030303030303,12.969696969696969,0.6101010101010101,49,0.7000000000000001,1,6.515151515151516
22,726,0,7,0.03818181818181818,9.878787878787879,0.8363636363636364,58,0.6272727272727273,1,5.707070707070708
22,257,0,7,0.04727272727272727,9.93939393939394,0.7555555555555555,44,0.5757575757575758,1,4.454545454545455
22,216,0,4,0.0703030303030303,11.878787878787879,0.5858585858585859,55,0.7484848484848485,1,5.5858585858585865
22,887,0,7,0.07939393939393939,13.454545454545455,0.698989898989899,52,0.6393939393939394,1,3.8484848484848486
22,181,0,3,0.026060606060606062,13.030303030303031,0.7151515151515151,48,0.6363636363636364,1,3.5656565656565657
22,566,0,4,0.07212121212121213,10.363636363636363,0.6747474747474748,54,0.7242424242424242,1,6.7979797979797985
22,252,0,5,0.033939393939393936,13.454545454545455,1.0383838383838384,45,0.6666666666666667,1,4.737373737373737
22,253,0,6,0.04303030303030303,9.393939393939394,0.5858585858585859,53,0.6575757575757576,1,3.4444444444444446
22,290,0,7,0.041818181818181824,11.151515151515152,0.5616161616161617,44,0.7000000000000001,1,6.151515151515152
22,285,0,6,0.055151515151515146,8.303030303030303,0.8444444444444444,58,0.6848484848484848,1,3.686868686868687
22,842,0,6,0.023636363636363636,10.848484848484848,0.8202020202020202,59,0.6181818181818182,1,6.474747474747475
22,812,0,5,0.061818181818181814,8.363636363636363,0.9414141414141415,42,0.6242424242424243,1,5.545454545454546
22,261,0,4,0.048484848484848485,12.484848484848484,0.6505050505050505,44,0.6636363636363637,1,6.636363636363637
22,435,0,6,0.027272727272727275,8.06060606060606,1.1515151515151514,45,0.6848484848484848,1,4.454545454545455
22,764,0,7,0.04909090909090909,8.545454545454545,1.1272727272727274,57,0.6909090909090909,1,3.3636363636363638
22,456,0,4,0.052121212121212124,12.848484848484848,0.593939393939394,41,0.6272727272727273,1,4.01010101010101
22,122,0,6,0.04909090909090909,11.636363636363637,0.98989898989899,54,0.6636363636363637,1,6.191919191919192
22,615,0,4,0.05030303030303031,10.363636363636363,0.8282828282828283,55,0.7030303030303031,1,4.090909090909091
22,688,0,5,0.03272727272727273,9.333333333333334,0.8444444444444444,59,0.6363636363636364,1,6.7979797979797985
22,135,0,3,0.05757575757575757,10.242424242424242,0.5212121212121212,48,0.7454545454545455,1,4.292929292929293
22,623,0,3,0.06363636363636364,12.424242424242426,0.4727272727272728,44,0.7333333333333334,1,3.404040404040404
21,466,0,5,0.05030303030303031,11.93939393939394,0.6666666666666667,40,0.6303030303030304,1,4.575757575757576
21,431,0,5,0.02909090909090909,8.121212121212121,0.6666666666666667,52,0.6454545454545455,1,6.3939393939393945
21,421,0,3,0.03333333333333333,13.333333333333334,0.7070707070707071,54,0.696969696969697,1,3.4444444444444446
21,579,0,4,0.03878787878787879,12.06060606060606,0.7717171717171718,53,0.6696969696969697,1,4.656565656565657
21,575,0,6,0.06545454545454546,11.333333333333334,0.9090909090909091,41,0.6424242424242425,1,6.515151515151516
21,170,0,6,0.07878787878787878,9.575757575757576,0.8767676767676769,44,0.6636363636363637,1,6.232323232323233
21,355,0,5,0.02909090909090909,12.727272727272727,0.6666666666666667,57,0.6363636363636364,1,6.070707070707071
21,292,0,4,0.034545454545454546,10.181818181818182,0.5696969696969697,47,0.6606060606060606,1,5.8686868686868685
21,329,0,4,0.06545454545454546,13.454545454545455,0.7717171717171718,49,0.7090909090909091,1,6.3939393939393945
21,718,0,7,0.046060606060606066,10.787878787878789,0.8363636363636364,51,0.6454545454545455,1,4.777777777777778
21,854,0,6,0.06303030303030303,9.696969696969697,0.7313131313131314,56,0.7303030303030303,1,5.545454545454546
21,6,0,6,0.07333333333333333,8.848484848484848,0.8040404040404041,54,0.7606060606060606,1,5.98989898989899
21,2,0,7,0.06545454545454546,8.181818181818182,1.103030303030303,45,0.6454545454545455,1,4.696969696969697
21,91,0,5,0.04363636363636364,9.272727272727273,0.6262626262626263,42,0.6484848484848484,1,3.7676767676767677
21,944,0,6,0.06545454545454546,8.484848484848484,0.8606060606060606,52,0.6848484848484848,1,5.98989898989899
21,777,0,6,0.06666666666666667,12.606060606060606,0.6424242424242425,46,0.6363636363636364,1,5.020202020202021
21,414,0,5,0.06909090909090909,13.878787878787879,0.6424242424242425,59,0.7303030303030303,1,5.262626262626263
21,953,0,5,0.05757575757575757,10.181818181818182,0.9818181818181818,47,0.6909090909090909,1,3.242424242424242
21,984,0,5,0.04242424242424242,10.545454545454545,0.7313131313131314,56,0.6696969696969697,1,5.94949494949495
21,23,0,3,0.03151515151515152,12.363636363636363,0.4,55,0.7242424242424242,1,6.878787878787879
21,978,0,7,0.03818181818181818,9.454545454545455,0.593939393939394,52,0.6848484848484848,1,4.97979797979798
21,50,0,6,0.05818181818181818,12.06060606060606,0.8040404040404041,59,0.7666666666666667,1,5.505050505050505
21,48,0,6,0.07272727272727272,9.818181818181818,0.7797979797979798,49,0.6878787878787879,1,6.515151515151516
21,976,0,6,0.08,11.636363636363637,0.8202020202020202,40,0.6727272727272727,1,3.686868686868687
21,620,0,3,0.06727272727272728,13.272727272727273,0.6585858585858586,54,0.7121212121212122,1,5.5858585858585865
21,875,0,4,0.0393939393939394,12.90909090909091,0.9171717171717172,44,0.6575757575757576,1,5.181818181818182
21,536,0,5,0.056363636363636366,8.969696969696969,0.7555555555555555,53,0.7636363636363637,1,3.888888888888889
21,909,0,4,0.045454545454545456,11.454545454545455,0.46464646464646464,50,0.7333333333333334,1,4.616161616161616
21,112,0,3,0.04242424242424242,11.818181818181818,0.6747474747474748,41,0.696969696969697,1,3.282828282828283
21,123,0,7,0.021212121212121213,11.636363636363637,0.8444444444444444,51,0.5969696969696969,1,5.828282828282829
21,614,0,7,0.07939393939393939,10.06060606060606,0.7797979797979798,53,0.6878787878787879,1,6.878787878787879
21,592,0,7,0.056363636363636366,10.666666666666668,1.006060606060606,48,0.6666666666666667,1,5.424242424242424
21,595,0,3,0.029696969696969697,12.424242424242426,0.6343434343434344,44,0.6393939393939394,1,6.595959595959597
21,584,0,7,0.0393939393939394,11.272727272727273,1.0787878787878789,45,0.6151515151515152,1,4.252525252525253
21,639,0,7,0.0696969696969697,10.727272727272727,0.8686868686868687,50,0.6606060606060606,1,4.858585858585859
21,162,0,7,0.05878787878787879,11.454545454545455,1.1111111111111112,49,0.6818181818181819,1,6.353535353535354
21,116,0,4,0.045454545454545456,8.484848484848484,0.496969696969697,54,0.7666666666666667,1,4.252525252525253
20,160,0,5,0.05939393939393939,11.454545454545455,0.9252525252525253,48,0.7303030303030303,1,5.545454545454546
20,706,0,7,0.02909090909090909,12.06060606060606,0.6101010101010101,49,0.6696969696969697,1,5.262626262626263
20,591,0,6,0.052121212121212124,12.06060606060606,0.795959595959596,46,0.6666666666666667,1,6.838383838383839
20,884,0,7,0.07393939393939394,13.515151515151516,0.6909090909090909,55,0.7212121212121212,1,4.090909090909091
20,879,0,4,0.04424242424242424,11.93939393939394,0.602020202020202,51,0.7151515151515152,1,3.6464646464646466
20,217,0,6,0.026666666666666665,9.212121212121213,0.6424242424242425,43,0.593939393939394,1,3.282828282828283
20,731,0,4,0.035151515151515156,12.363636363636363,0.6262626262626263,43,0.6757575757575758,1,6.111111111111111
20,525,0,7,0.035151515151515156,9.09090909090909,0.698989898989899,51,0.6242424242424243,1,6.878787878787879
20,723,0,4,0.02181818181818182,12.303030303030303,0.7636363636363637,51,0.6363636363636364,1,5.5858585858585865
20,212,0,7,0.023636363636363636,13.696969696969697,0.6424242424242425,44,0.5818181818181818,1,4.5353535353535355
20,219,0,5,0.04363636363636364,11.575757575757576,0.8525252525252526,53,0.6666666666666667,1,3.8484848484848486
20,569,0,7,0.07939393939393939,13.333333333333334,0.8444444444444444,47,0.7272727272727273,1,3.4444444444444446
20,607,0,6,0.06545454545454546,9.454545454545455,0.602020202020202,45,0.6878787878787879,1,4.171717171717171
20,230,0,7,0.04424242424242424,9.393939393939394,0.698989898989899,57,0.6515151515151516,1,5.828282828282829
20,959,0,5,0.03333333333333333,10.303030303030303,0.6343434343434344,57,0.7000000000000001,1,5.787878787878788
20,85,0,6,0.03878787878787879,10.424242424242424,0.8848484848484849,53,0.6787878787878788,1,5.626262626262626
20,668,0,5,0.03272727272727273,13.212121212121211,0.6909090909090909,42,0.6151515151515152,1,4.737373737373737
20,406,0,7,0.03696969696969697,9.636363636363637,0.9575757575757576,58,0.6575757575757576,1,5.545454545454546
20,404,0,5,0.03333333333333333,13.575757575757576,0.6666666666666667,49,0.6515151515151516,1,5.383838383838384
20,417,0,7,0.037575757575757575,9.515151515151516,1.014141414141414,53,0.6575757575757576,1,4.8989898989899
20,383,0,5,0.04424242424242424,13.696969696969697,0.9414141414141415,56,0.706060606060606,1,3.8484848484848486
20,370,0,5,0.05878787878787879,8.181818181818182,0.7797979797979798,45,0.7515151515151515,1,4.858585858585859
20,81,0,5,0.06363636363636364,10.363636363636363,0.602020202020202,44,0.6878787878787879,1,4.414141414141414
20,983,0,7,0.06545454545454546,9.515151515151516,1.0383838383838384,51,0.7212121212121212,1,4.414141414141414
20,56,0,5,0.04,11.93939393939394,1.0787878787878789,53,0.7272727272727273,1,5.909090909090909
20,678,0,7,0.0496969696969697,12.606060606060606,0.7717171717171718,47,0.6363636363636364,1,5.828282828282829
20,260,0,4,0.03878787878787879,8.484848484848484,0.5535353535353535,57,0.7393939393939395,1,3.04040404040404
20,318,0,3,0.035151515151515156,8.666666666666666,0.5373737373737374,46,0.6909090909090909,1,4.090909090909091
20,0,0,7,0.051515151515151514,10.121212121212121,0.7313131313131314,50,0.6666666666666667,1,5.0606060606060606
20,120,0,5,0.06,8.181818181818182,0.5373737373737374,41,0.7242424242424242,1,6.7979797979797985
20,265,0,7,0.02303030303030303,13.393939393939394,1.0222222222222221,54,0.6181818181818182,1,4.05050505050505
20,563,0,6,0.06303030303030303,11.272727272727273,0.6343434343434344,55,0.7333333333333334,1,6.95959595959596
20,552,0,5,0.051515151515151514,8.242424242424242,0.8282828282828283,47,0.6909090909090909,1,6.555555555555555
20,810,0,7,0.026060606060606062,8.787878787878787,1.006060606060606,42,0.603030303030303,1,6.434343434343434
19,267,0,5,0.030303030303030304,12.121212121212121,0.7313131313131314,50,0.6575757575757576,1,5.222222222222222
19,814,0,7,0.03575757575757576,14.0,0.6101010101010101,45,0.6666666666666667,1,3.202020202020202
19,626,0,6,0.06303030303030303,12.606060606060606,0.5131313131313131,47,0.7787878787878788,1,6.232323232323233
19,905,0,4,0.02181818181818182,13.272727272727273,0.6101010101010101,40,0.6333333333333333,1,3.323232323232323
19,611,0,7,0.027272727272727275,11.454545454545455,1.0626262626262628,47,0.6333333333333333,1,6.111111111111111
19,247,0,7,0.06787878787878789,12.969696969696969,1.0545454545454547,55,0.7090909090909091,1,5.0606060606060606
19,956,0,5,0.055151515151515146,12.424242424242426,0.5212121212121212,44,0.7181818181818183,1,4.97979797979798
19,7,0,6,0.07151515151515152,9.575757575757576,0.593939393939394,48,0.7515151515151515,1,5.8686868686868685
19,996,0,5,0.048484848484848485,8.181818181818182,0.9252525252525253,50,0.7030303030303031,1,3.323232323232323
19,998,0,5,0.0496969696969697,12.121212121212121,0.7555555555555555,45,0.7363636363636363,1,4.414141414141414
19,437,0,7,0.0696969696969697,10.121212121212121,0.602020202020202,41,0.7090909090909091,1,4.494949494949495
19,361,0,7,0.028484848484848484,12.727272727272727,1.1272727272727274,41,0.6151515151515152,1,5.707070707070708
19,880,0,5,0.06303030303030303,11.575757575757576,0.5777777777777778,50,0.7000000000000001,1,4.090909090909091
19,207,0,7,0.07818181818181819,13.575757575757576,1.094949494949495,42,0.7181818181818183,1,4.656565656565657
19,535,0,5,0.024242424242424242,13.757575757575758,0.8444444444444444,58,0.6696969696969697,1,5.262626262626263
19,202,0,7,0.062424242424242424,14.0,0.8121212121212121,57,0.7151515151515152,1,3.888888888888889
19,125,0,7,0.05878787878787879,12.303030303030303,0.7797979797979798,52,0.6757575757575758,1,6.6767676767676765
19,593,0,6,0.03636363636363636,12.90909090909091,0.7717171717171718,40,0.6272727272727273,1,4.171717171717171
19,922,0,4,0.07757575757575758,8.363636363636363,0.6505050505050505,40,0.7545454545454546,1,3.202020202020202
19,849,0,7,0.055757575757575756,10.787878787878789,0.602020202020202,51,0.7272727272727273,1,4.292929292929293
19,236,0,7,0.05878787878787879,13.151515151515152,0.9494949494949495,40,0.6757575757575758,1,5.98989898989899
19,711,0,5,0.027878787878787878,10.90909090909091,0.7878787878787878,56,0.6575757575757576,1,3.606060606060606
19,863,0,7,0.041212121212121214,9.393939393939394,0.602020202020202,59,0.7696969696969698,1,5.383838383838384
18,13,0,6,0.06,12.242424242424242,1.0626262626262628,42,0.7151515151515152,1,6.95959595959596
18,974,0,7,0.06484848484848485,8.424242424242424,0.6505050505050505,41,0.6666666666666667,1,3.9696969696969697
18,114,0,6,0.04666666666666666,13.575757575757576,0.6181818181818182,52,0.6818181818181819,1,3.242424242424242
18,104,0,5,0.07454545454545454,10.242424242424242,0.4808080808080808,48,0.7878787878787878,1,3.1616161616161618
18,807,0,7,0.07393939393939394,10.90909090909091,1.0222222222222221,46,0.7090909090909091,1,4.05050505050505
18,311,0,7,0.048484848484848485,13.575757575757576,0.7232323232323232,42,0.6333333333333333,1,4.696969696969697
18,461,0,5,0.03272727272727273,8.484848484848484,0.5858585858585859,49,0.7121212121212122,1,5.545454545454546
18,164,0,5,0.046060606060606066,12.0,0.5373737373737374,47,0.6878787878787879,1,4.252525252525253
18,893,0,7,0.03818181818181818,12.0,0.5373737373737374,44,0.7363636363636363,1,3.202020202020202
18,76,0,7,0.04303030303030303,8.06060606060606,0.9575757575757576,59,0.7424242424242424,1,4.5353535353535355
18,447,0,7,0.07818181818181819,13.575757575757576,0.7393939393939395,44,0.706060606060606,1,6.636363636363637
17,336,0,5,0.040606060606060604,8.06060606060606,0.5454545454545454,47,0.706060606060606,1,6.272727272727273
17,18,0,7,0.04363636363636364,10.181818181818182,0.602020202020202,42,0.706060606060606,1,3.6464646464646466
17,720,0,4,0.0393939393939394,12.181818181818182,0.7151515151515151,42,0.6727272727272727,1,4.818181818181818
17,192,0,7,0.05757575757575757,9.696969696969697,0.9090909090909091,44,0.706060606060606,1,4.373737373737374
17,860,0,5,0.044848484848484846,9.151515151515152,0.5373737373737374,54,0.7393939393939395,1,3.04040404040404
17,139,0,6,0.048484848484848485,11.93939393939394,1.0222222222222221,46,0.6848484848484848,1,4.090909090909091
17,283,0,5,0.041818181818181824,12.242424242424242,0.6909090909090909,53,0.7000000000000001,1,5.626262626262626
17,235,0,4,0.05090909090909091,8.424242424242424,0.8040404040404041,44,0.7242424242424242,1,6.515151515151516
17,549,0,4,0.03333333333333333,11.09090909090909,0.7070707070707071,45,0.6575757575757576,1,4.9393939393939394
16,750,0,4,0.05757575757575757,11.575757575757576,0.7232323232323232,43,0.7393939393939395,1,6.555555555555555
16,457,0,7,0.0496969696969697,11.93939393939394,0.997979797979798,44,0.6606060606060606,1,6.272727272727273
16,809,0,7,0.05818181818181818,10.484848484848484,1.1353535353535353,44,0.7212121212121212,1,3.686868686868687
16,148,0,7,0.07151515151515152,13.151515151515152,0.997979797979798,43,0.706060606060606,1,4.656565656565657
16,616,0,5,0.03272727272727273,13.454545454545455,0.6505050505050505,55,0.696969696969697,1,4.01010101010101
16,90,0,3,0.02181818181818182,11.030303030303031,0.496969696969697,43,0.7000000000000001,1,3.7272727272727275
15,516,0,6,0.027272727272727275,8.606060606060606,0.8686868686868687,50,0.6848484848484848,1,5.505050505050505
15,256,0,7,0.022424242424242423,13.575757575757576,1.0545454545454547,47,0.6696969696969697,1,3.606060606060606
15,725,0,7,0.05333333333333333,11.93939393939394,0.5535353535353535,42,0.7636363636363637,1,6.191919191919192
15,846,0,7,0.04242424242424242,12.303030303030303,0.6262626262626263,47,0.696969696969697,1,5.505050505050505
15,606,0,5,0.0393939393939394,8.0,0.5535353535353535,48,0.7454545454545455,1,6.838383838383839
14,851,0,7,0.024242424242424242,13.333333333333334,0.9171717171717172,59,0.6787878787878788,1,4.454545454545455
14,637,0,6,0.05030303030303031,13.393939393939394,0.7474747474747475,43,0.7272727272727273,1,3.6464646464646466
14,767,0,7,0.027878787878787878,8.484848484848484,0.9656565656565657,54,0.7030303030303031,1,4.454545454545455
14,454,0,5,0.03272727272727273,11.575757575757576,0.602020202020202,59,0.7303030303030303,1,3.404040404040404
14,862,0,4,0.02484848484848485,8.181818181818182,0.5131313131313131,48,0.696969696969697,1,6.070707070707071
14,844,0,6,0.030303030303030304,9.575757575757576,0.7313131313131314,42,0.6484848484848484,1,3.202020202020202
14,689,0,6,0.023636363636363636,11.515151515151516,0.8606060606060606,52,0.6818181818181819,1,3.9292929292929295
14,130,0,6,0.04363636363636364,10.363636363636363,0.7636363636363637,52,0.7000000000000001,1,4.01010101010101
14,372,0,7,0.03818181818181818,10.121212121212121,0.6505050505050505,40,0.6606060606060606,1,5.020202020202021
13,96,0,7,0.04,9.575757575757576,0.7717171717171718,56,0.7363636363636363,1,3.7272727272727275
13,3,0,5,0.044848484848484846,11.030303030303031,0.6424242424242425,46,0.7090909090909091,1,4.414141414141414
13,174,0,4,0.029696969696969697,8.606060606060606,0.5696969696969697,45,0.7272727272727273,1,3.282828282828283
13,477,0,6,0.022424242424242423,10.90909090909091,0.9252525252525253,53,0.6787878787878788,1,5.505050505050505
12,360,0,6,0.026666666666666665,9.696969696969697,0.8848484848484849,40,0.7000000000000001,1,4.575757575757576
11,359,0,7,0.03878787878787879,8.90909090909091,0.8121212121212121,51,0.7090909090909091,1,6.272727272727273
11,991,0,6,0.022424242424242423,11.575757575757576,0.9090909090909091,49,0.6878787878787879,1,5.747474747474747
10,315,0,7,0.037575757575757575,11.030303030303031,0.7232323232323232,58,0.7090909090909091,1,6.353535353535354
10,272,0,6,0.034545454545454546,12.121212121212121,0.8121212121212121,53,0.7000000000000001,1,6.3939393939393945
10,662,0,7,0.024242424242424242,13.454545454545455,1.1111111111111112,45,0.693939393939394,1,6.191919191919192
10,331,0,7,0.04424242424242424,10.242424242424242,0.7797979797979798,40,0.7121212121212122,1,4.9393939393939394
10,244,0,6,0.033939393939393936,8.606060606060606,0.6666666666666667,58,0.7424242424242424,1,5.5858585858585865
10,327,0,5,0.034545454545454546,10.0,0.7313131313131314,41,0.7151515151515152,1,4.454545454545455
10,211,0,7,0.04242424242424242,12.606060606060606,0.7555555555555555,54,0.706060606060606,1,4.5353535353535355
9,465,0,6,0.021212121212121213,11.575757575757576,0.6181818181818182,48,0.6848484848484848,1,4.1313131313131315
9,71,0,7,0.026666666666666665,9.272727272727273,0.7232323232323232,57,0.7151515151515152,1,6.515151515151516
9,938,0,6,0.040606060606060604,10.969696969696969,0.7474747474747475,49,0.7212121212121212,1,3.0
9,704,0,7,0.02303030303030303,8.90909090909091,0.997979797979798,45,0.6878787878787879,1,4.494949494949495
8,762,0,7,0.02303030303030303,9.272727272727273,0.6909090909090909,45,0.6878787878787879,1,6.95959595959596
7,64,0,7,0.046060606060606066,11.636363636363637,0.7797979797979798,41,0.7030303030303031,1,5.464646464646465
6,65,0,7,0.035151515151515156,11.333333333333334,0.8848484848484849,40,0.7030303030303031,1,3.888888888888889
