score,params,iteration
100,"{'sift_nfeatures': 0, 'sift_nOctaveLayers': 3, 'sift_contrastThreshold': np.float64(0.055151515151515146), 'sift_edgeThreshold': np.float64(11.666666666666668), 'sift_sigma': np.float64(0.5575757575757576), 'min_match_count': 48, 'good_matches_threshold': np.float64(0.806060606060606), 'mask_scale': 1}",311
100,"{'sift_nfeatures': 0, 'sift_nOctaveLayers': 3, 'sift_contrastThreshold': np.float64(0.02), 'sift_edgeThreshold': np.float64(12.878787878787879), 'sift_sigma': np.float64(0.602020202020202), 'min_match_count': 42, 'good_matches_threshold': np.float64(0.8393939393939394), 'mask_scale': 1}",111
100,"{'sift_nfeatures': 0, 'sift_nOctaveLayers': 3, 'sift_contrastThreshold': np.float64(0.027676767676767675), 'sift_edgeThreshold': np.float64(6.717171717171717), 'sift_sigma': np.float64(0.698989898989899), 'min_match_count': 47, 'good_matches_threshold': np.float64(0.796969696969697), 'mask_scale': 1}",176
75,"{'sift_nfeatures': 0, 'sift_nOctaveLayers': 3, 'sift_contrastThreshold': np.float64(0.03777777777777777), 'sift_edgeThreshold': np.float64(10.353535353535353), 'sift_sigma': np.float64(0.7111111111111111), 'min_match_count': 44, 'good_matches_threshold': np.float64(0.8333333333333334), 'mask_scale': 1}",238
75,"{'sift_nfeatures': 0, 'sift_nOctaveLayers': 3, 'sift_contrastThreshold': np.float64(0.0402020202020202), 'sift_edgeThreshold': np.float64(9.444444444444445), 'sift_sigma': np.float64(0.7151515151515151), 'min_match_count': 56, 'good_matches_threshold': np.float64(0.8818181818181818), 'mask_scale': 1}",277
75,"{'sift_nfeatures': 0, 'sift_nOctaveLayers': 3, 'sift_contrastThreshold': np.float64(0.032929292929292926), 'sift_edgeThreshold': np.float64(14.191919191919192), 'sift_sigma': np.float64(0.7515151515151515), 'min_match_count': 41, 'good_matches_threshold': np.float64(0.6757575757575758), 'mask_scale': 1}",236
75,"{'sift_nfeatures': 0, 'sift_nOctaveLayers': 3, 'sift_contrastThreshold': np.float64(0.023232323232323233), 'sift_edgeThreshold': np.float64(14.191919191919192), 'sift_sigma': np.float64(0.48888888888888893), 'min_match_count': 54, 'good_matches_threshold': np.float64(0.6363636363636364), 'mask_scale': 1}",234
75,"{'sift_nfeatures': 0, 'sift_nOctaveLayers': 3, 'sift_contrastThreshold': np.float64(0.0507070707070707), 'sift_edgeThreshold': np.float64(13.98989898989899), 'sift_sigma': np.float64(0.4808080808080808), 'min_match_count': 48, 'good_matches_threshold': np.float64(0.8515151515151516), 'mask_scale': 1}",233
75,"{'sift_nfeatures': 0, 'sift_nOctaveLayers': 3, 'sift_contrastThreshold': np.float64(0.059191919191919184), 'sift_edgeThreshold': np.float64(5.0), 'sift_sigma': np.float64(0.46060606060606063), 'min_match_count': 45, 'good_matches_threshold': np.float64(0.7121212121212122), 'mask_scale': 1}",184
75,"{'sift_nfeatures': 0, 'sift_nOctaveLayers': 4, 'sift_contrastThreshold': np.float64(0.028484848484848484), 'sift_edgeThreshold': np.float64(9.444444444444445), 'sift_sigma': np.float64(0.5494949494949495), 'min_match_count': 59, 'good_matches_threshold': np.float64(0.8424242424242424), 'mask_scale': 1}",183
75,"{'sift_nfeatures': 0, 'sift_nOctaveLayers': 3, 'sift_contrastThreshold': np.float64(0.03898989898989899), 'sift_edgeThreshold': np.float64(5.707070707070707), 'sift_sigma': np.float64(0.4767676767676768), 'min_match_count': 54, 'good_matches_threshold': np.float64(0.6272727272727272), 'mask_scale': 1}",182
75,"{'sift_nfeatures': 0, 'sift_nOctaveLayers': 3, 'sift_contrastThreshold': np.float64(0.038585858585858585), 'sift_edgeThreshold': np.float64(12.575757575757574), 'sift_sigma': np.float64(0.7838383838383838), 'min_match_count': 51, 'good_matches_threshold': np.float64(0.6606060606060606), 'mask_scale': 1}",237
75,"{'sift_nfeatures': 0, 'sift_nOctaveLayers': 4, 'sift_contrastThreshold': np.float64(0.05959595959595959), 'sift_edgeThreshold': np.float64(5.606060606060606), 'sift_sigma': np.float64(0.8), 'min_match_count': 42, 'good_matches_threshold': np.float64(0.6666666666666666), 'mask_scale': 1}",181
75,"{'sift_nfeatures': 0, 'sift_nOctaveLayers': 4, 'sift_contrastThreshold': np.float64(0.051515151515151514), 'sift_edgeThreshold': np.float64(8.535353535353536), 'sift_sigma': np.float64(0.7353535353535354), 'min_match_count': 55, 'good_matches_threshold': np.float64(0.7121212121212122), 'mask_scale': 1}",180
75,"{'sift_nfeatures': 0, 'sift_nOctaveLayers': 3, 'sift_contrastThreshold': np.float64(0.0507070707070707), 'sift_edgeThreshold': np.float64(5.808080808080808), 'sift_sigma': np.float64(0.45252525252525255), 'min_match_count': 41, 'good_matches_threshold': np.float64(0.6878787878787879), 'mask_scale': 1}",228
75,"{'sift_nfeatures': 0, 'sift_nOctaveLayers': 4, 'sift_contrastThreshold': np.float64(0.02727272727272727), 'sift_edgeThreshold': np.float64(12.777777777777779), 'sift_sigma': np.float64(0.5252525252525253), 'min_match_count': 59, 'good_matches_threshold': np.float64(0.7393939393939394), 'mask_scale': 1}",227
75,"{'sift_nfeatures': 0, 'sift_nOctaveLayers': 3, 'sift_contrastThreshold': np.float64(0.03898989898989899), 'sift_edgeThreshold': np.float64(6.01010101010101), 'sift_sigma': np.float64(0.6383838383838384), 'min_match_count': 46, 'good_matches_threshold': np.float64(0.8212121212121213), 'mask_scale': 1}",226
75,"{'sift_nfeatures': 0, 'sift_nOctaveLayers': 4, 'sift_contrastThreshold': np.float64(0.05474747474747474), 'sift_edgeThreshold': np.float64(11.969696969696969), 'sift_sigma': np.float64(0.7393939393939395), 'min_match_count': 49, 'good_matches_threshold': np.float64(0.6242424242424243), 'mask_scale': 1}",225
75,"{'sift_nfeatures': 0, 'sift_nOctaveLayers': 4, 'sift_contrastThreshold': np.float64(0.021212121212121213), 'sift_edgeThreshold': np.float64(8.030303030303031), 'sift_sigma': np.float64(0.5818181818181818), 'min_match_count': 45, 'good_matches_threshold': np.float64(0.8696969696969696), 'mask_scale': 1}",240
75,"{'sift_nfeatures': 0, 'sift_nOctaveLayers': 3, 'sift_contrastThreshold': np.float64(0.047474747474747475), 'sift_edgeThreshold': np.float64(14.393939393939394), 'sift_sigma': np.float64(0.7757575757575758), 'min_match_count': 54, 'good_matches_threshold': np.float64(0.8484848484848485), 'mask_scale': 1}",239
75,"{'sift_nfeatures': 0, 'sift_nOctaveLayers': 4, 'sift_contrastThreshold': np.float64(0.028888888888888888), 'sift_edgeThreshold': np.float64(12.878787878787879), 'sift_sigma': np.float64(0.5616161616161617), 'min_match_count': 58, 'good_matches_threshold': np.float64(0.8212121212121213), 'mask_scale': 1}",294
75,"{'sift_nfeatures': 0, 'sift_nOctaveLayers': 3, 'sift_contrastThreshold': np.float64(0.03979797979797979), 'sift_edgeThreshold': np.float64(9.141414141414142), 'sift_sigma': np.float64(0.45252525252525255), 'min_match_count': 49, 'good_matches_threshold': np.float64(0.806060606060606), 'mask_scale': 1}",293
75,"{'sift_nfeatures': 0, 'sift_nOctaveLayers': 3, 'sift_contrastThreshold': np.float64(0.043434343434343436), 'sift_edgeThreshold': np.float64(10.858585858585858), 'sift_sigma': np.float64(0.5818181818181818), 'min_match_count': 55, 'good_matches_threshold': np.float64(0.6424242424242425), 'mask_scale': 1}",291
75,"{'sift_nfeatures': 0, 'sift_nOctaveLayers': 4, 'sift_contrastThreshold': np.float64(0.043434343434343436), 'sift_edgeThreshold': np.float64(13.787878787878787), 'sift_sigma': np.float64(0.6787878787878788), 'min_match_count': 59, 'good_matches_threshold': np.float64(0.6575757575757576), 'mask_scale': 1}",290
75,"{'sift_nfeatures': 0, 'sift_nOctaveLayers': 4, 'sift_contrastThreshold': np.float64(0.059191919191919184), 'sift_edgeThreshold': np.float64(7.929292929292929), 'sift_sigma': np.float64(0.5494949494949495), 'min_match_count': 45, 'good_matches_threshold': np.float64(0.8272727272727273), 'mask_scale': 1}",276
75,"{'sift_nfeatures': 0, 'sift_nOctaveLayers': 4, 'sift_contrastThreshold': np.float64(0.047878787878787875), 'sift_edgeThreshold': np.float64(11.666666666666668), 'sift_sigma': np.float64(0.4484848484848485), 'min_match_count': 53, 'good_matches_threshold': np.float64(0.7545454545454545), 'mask_scale': 1}",275
75,"{'sift_nfeatures': 0, 'sift_nOctaveLayers': 4, 'sift_contrastThreshold': np.float64(0.053131313131313126), 'sift_edgeThreshold': np.float64(6.818181818181818), 'sift_sigma': np.float64(0.4727272727272728), 'min_match_count': 55, 'good_matches_threshold': np.float64(0.8727272727272728), 'mask_scale': 1}",273
75,"{'sift_nfeatures': 0, 'sift_nOctaveLayers': 3, 'sift_contrastThreshold': np.float64(0.049898989898989894), 'sift_edgeThreshold': np.float64(9.444444444444445), 'sift_sigma': np.float64(0.5454545454545454), 'min_match_count': 57, 'good_matches_threshold': np.float64(0.8212121212121213), 'mask_scale': 1}",288
75,"{'sift_nfeatures': 0, 'sift_nOctaveLayers': 4, 'sift_contrastThreshold': np.float64(0.020404040404040404), 'sift_edgeThreshold': np.float64(5.101010101010101), 'sift_sigma': np.float64(0.496969696969697), 'min_match_count': 56, 'good_matches_threshold': np.float64(0.6878787878787879), 'mask_scale': 1}",278
75,"{'sift_nfeatures': 0, 'sift_nOctaveLayers': 4, 'sift_contrastThreshold': np.float64(0.04464646464646464), 'sift_edgeThreshold': np.float64(13.080808080808081), 'sift_sigma': np.float64(0.6141414141414141), 'min_match_count': 47, 'good_matches_threshold': np.float64(0.8090909090909091), 'mask_scale': 1}",285
75,"{'sift_nfeatures': 0, 'sift_nOctaveLayers': 3, 'sift_contrastThreshold': np.float64(0.021212121212121213), 'sift_edgeThreshold': np.float64(8.636363636363637), 'sift_sigma': np.float64(0.7393939393939395), 'min_match_count': 49, 'good_matches_threshold': np.float64(0.8181818181818181), 'mask_scale': 1}",284
75,"{'sift_nfeatures': 0, 'sift_nOctaveLayers': 4, 'sift_contrastThreshold': np.float64(0.04262626262626262), 'sift_edgeThreshold': np.float64(13.080808080808081), 'sift_sigma': np.float64(0.5171717171717172), 'min_match_count': 46, 'good_matches_threshold': np.float64(0.8151515151515152), 'mask_scale': 1}",283
75,"{'sift_nfeatures': 0, 'sift_nOctaveLayers': 3, 'sift_contrastThreshold': np.float64(0.045858585858585856), 'sift_edgeThreshold': np.float64(8.434343434343434), 'sift_sigma': np.float64(0.6868686868686869), 'min_match_count': 55, 'good_matches_threshold': np.float64(0.6757575757575758), 'mask_scale': 1}",268
75,"{'sift_nfeatures': 0, 'sift_nOctaveLayers': 4, 'sift_contrastThreshold': np.float64(0.05676767676767676), 'sift_edgeThreshold': np.float64(12.171717171717171), 'sift_sigma': np.float64(0.7313131313131314), 'min_match_count': 50, 'good_matches_threshold': np.float64(0.7575757575757576), 'mask_scale': 1}",267
75,"{'sift_nfeatures': 0, 'sift_nOctaveLayers': 4, 'sift_contrastThreshold': np.float64(0.024444444444444442), 'sift_edgeThreshold': np.float64(10.252525252525253), 'sift_sigma': np.float64(0.698989898989899), 'min_match_count': 51, 'good_matches_threshold': np.float64(0.893939393939394), 'mask_scale': 1}",266
75,"{'sift_nfeatures': 0, 'sift_nOctaveLayers': 4, 'sift_contrastThreshold': np.float64(0.046262626262626255), 'sift_edgeThreshold': np.float64(7.929292929292929), 'sift_sigma': np.float64(0.5616161616161617), 'min_match_count': 40, 'good_matches_threshold': np.float64(0.6666666666666666), 'mask_scale': 1}",265
75,"{'sift_nfeatures': 0, 'sift_nOctaveLayers': 3, 'sift_contrastThreshold': np.float64(0.046262626262626255), 'sift_edgeThreshold': np.float64(13.080808080808081), 'sift_sigma': np.float64(0.6868686868686869), 'min_match_count': 50, 'good_matches_threshold': np.float64(0.609090909090909), 'mask_scale': 1}",280
75,"{'sift_nfeatures': 0, 'sift_nOctaveLayers': 3, 'sift_contrastThreshold': np.float64(0.03979797979797979), 'sift_edgeThreshold': np.float64(14.292929292929292), 'sift_sigma': np.float64(0.6626262626262627), 'min_match_count': 51, 'good_matches_threshold': np.float64(0.6181818181818182), 'mask_scale': 1}",279
75,"{'sift_nfeatures': 0, 'sift_nOctaveLayers': 4, 'sift_contrastThreshold': np.float64(0.02282828282828283), 'sift_edgeThreshold': np.float64(12.171717171717171), 'sift_sigma': np.float64(0.5050505050505051), 'min_match_count': 59, 'good_matches_threshold': np.float64(0.8393939393939394), 'mask_scale': 1}",287
75,"{'sift_nfeatures': 0, 'sift_nOctaveLayers': 3, 'sift_contrastThreshold': np.float64(0.020404040404040404), 'sift_edgeThreshold': np.float64(11.464646464646464), 'sift_sigma': np.float64(0.4767676767676768), 'min_match_count': 56, 'good_matches_threshold': np.float64(0.7181818181818181), 'mask_scale': 1}",160
75,"{'sift_nfeatures': 0, 'sift_nOctaveLayers': 3, 'sift_contrastThreshold': np.float64(0.0507070707070707), 'sift_edgeThreshold': np.float64(14.797979797979798), 'sift_sigma': np.float64(0.5333333333333333), 'min_match_count': 53, 'good_matches_threshold': np.float64(0.6303030303030303), 'mask_scale': 1}",159
75,"{'sift_nfeatures': 0, 'sift_nOctaveLayers': 3, 'sift_contrastThreshold': np.float64(0.05474747474747474), 'sift_edgeThreshold': np.float64(5.303030303030303), 'sift_sigma': np.float64(0.43232323232323233), 'min_match_count': 47, 'good_matches_threshold': np.float64(0.8727272727272728), 'mask_scale': 1}",157
75,"{'sift_nfeatures': 0, 'sift_nOctaveLayers': 3, 'sift_contrastThreshold': np.float64(0.05353535353535353), 'sift_edgeThreshold': np.float64(5.0), 'sift_sigma': np.float64(0.7070707070707071), 'min_match_count': 57, 'good_matches_threshold': np.float64(0.8787878787878788), 'mask_scale': 1}",156
75,"{'sift_nfeatures': 0, 'sift_nOctaveLayers': 3, 'sift_contrastThreshold': np.float64(0.025252525252525252), 'sift_edgeThreshold': np.float64(14.696969696969697), 'sift_sigma': np.float64(0.5252525252525253), 'min_match_count': 50, 'good_matches_threshold': np.float64(0.6545454545454545), 'mask_scale': 1}",155
75,"{'sift_nfeatures': 0, 'sift_nOctaveLayers': 4, 'sift_contrastThreshold': np.float64(0.05595959595959596), 'sift_edgeThreshold': np.float64(14.494949494949495), 'sift_sigma': np.float64(0.501010101010101), 'min_match_count': 41, 'good_matches_threshold': np.float64(0.6636363636363636), 'mask_scale': 1}",208
75,"{'sift_nfeatures': 0, 'sift_nOctaveLayers': 4, 'sift_contrastThreshold': np.float64(0.0301010101010101), 'sift_edgeThreshold': np.float64(11.565656565656566), 'sift_sigma': np.float64(0.496969696969697), 'min_match_count': 45, 'good_matches_threshold': np.float64(0.6363636363636364), 'mask_scale': 1}",206
75,"{'sift_nfeatures': 0, 'sift_nOctaveLayers': 3, 'sift_contrastThreshold': np.float64(0.0402020202020202), 'sift_edgeThreshold': np.float64(13.787878787878787), 'sift_sigma': np.float64(0.5171717171717172), 'min_match_count': 55, 'good_matches_threshold': np.float64(0.706060606060606), 'mask_scale': 1}",204
75,"{'sift_nfeatures': 0, 'sift_nOctaveLayers': 4, 'sift_contrastThreshold': np.float64(0.04909090909090909), 'sift_edgeThreshold': np.float64(14.595959595959595), 'sift_sigma': np.float64(0.5777777777777778), 'min_match_count': 42, 'good_matches_threshold': np.float64(0.7090909090909091), 'mask_scale': 1}",222
75,"{'sift_nfeatures': 0, 'sift_nOctaveLayers': 4, 'sift_contrastThreshold': np.float64(0.045454545454545456), 'sift_edgeThreshold': np.float64(13.585858585858587), 'sift_sigma': np.float64(0.6868686868686869), 'min_match_count': 57, 'good_matches_threshold': np.float64(0.7636363636363637), 'mask_scale': 1}",201
75,"{'sift_nfeatures': 0, 'sift_nOctaveLayers': 3, 'sift_contrastThreshold': np.float64(0.05595959595959596), 'sift_edgeThreshold': np.float64(10.353535353535353), 'sift_sigma': np.float64(0.4404040404040404), 'min_match_count': 50, 'good_matches_threshold': np.float64(0.6393939393939394), 'mask_scale': 1}",152
75,"{'sift_nfeatures': 0, 'sift_nOctaveLayers': 3, 'sift_contrastThreshold': np.float64(0.023636363636363636), 'sift_edgeThreshold': np.float64(11.969696969696969), 'sift_sigma': np.float64(0.7555555555555555), 'min_match_count': 58, 'good_matches_threshold': np.float64(0.9), 'mask_scale': 1}",151
75,"{'sift_nfeatures': 0, 'sift_nOctaveLayers': 4, 'sift_contrastThreshold': np.float64(0.04181818181818182), 'sift_edgeThreshold': np.float64(6.515151515151516), 'sift_sigma': np.float64(0.49292929292929294), 'min_match_count': 57, 'good_matches_threshold': np.float64(0.6454545454545454), 'mask_scale': 1}",150
75,"{'sift_nfeatures': 0, 'sift_nOctaveLayers': 4, 'sift_contrastThreshold': np.float64(0.05757575757575757), 'sift_edgeThreshold': np.float64(5.707070707070707), 'sift_sigma': np.float64(0.42020202020202024), 'min_match_count': 40, 'good_matches_threshold': np.float64(0.6818181818181818), 'mask_scale': 1}",186
75,"{'sift_nfeatures': 0, 'sift_nOctaveLayers': 4, 'sift_contrastThreshold': np.float64(0.03575757575757575), 'sift_edgeThreshold': np.float64(14.494949494949495), 'sift_sigma': np.float64(0.8), 'min_match_count': 45, 'good_matches_threshold': np.float64(0.6181818181818182), 'mask_scale': 1}",200
75,"{'sift_nfeatures': 0, 'sift_nOctaveLayers': 4, 'sift_contrastThreshold': np.float64(0.04505050505050505), 'sift_edgeThreshold': np.float64(8.838383838383837), 'sift_sigma': np.float64(0.7353535353535354), 'min_match_count': 52, 'good_matches_threshold': np.float64(0.6333333333333333), 'mask_scale': 1}",199
75,"{'sift_nfeatures': 0, 'sift_nOctaveLayers': 3, 'sift_contrastThreshold': np.float64(0.0507070707070707), 'sift_edgeThreshold': np.float64(12.575757575757574), 'sift_sigma': np.float64(0.7595959595959596), 'min_match_count': 53, 'good_matches_threshold': np.float64(0.6818181818181818), 'mask_scale': 1}",198
75,"{'sift_nfeatures': 0, 'sift_nOctaveLayers': 3, 'sift_contrastThreshold': np.float64(0.026868686868686868), 'sift_edgeThreshold': np.float64(11.363636363636363), 'sift_sigma': np.float64(0.6909090909090909), 'min_match_count': 58, 'good_matches_threshold': np.float64(0.8151515151515152), 'mask_scale': 1}",197
75,"{'sift_nfeatures': 0, 'sift_nOctaveLayers': 3, 'sift_contrastThreshold': np.float64(0.058383838383838385), 'sift_edgeThreshold': np.float64(5.505050505050505), 'sift_sigma': np.float64(0.5171717171717172), 'min_match_count': 49, 'good_matches_threshold': np.float64(0.6909090909090909), 'mask_scale': 1}",202
75,"{'sift_nfeatures': 0, 'sift_nOctaveLayers': 4, 'sift_contrastThreshold': np.float64(0.032929292929292926), 'sift_edgeThreshold': np.float64(12.474747474747474), 'sift_sigma': np.float64(0.7757575757575758), 'min_match_count': 50, 'good_matches_threshold': np.float64(0.6333333333333333), 'mask_scale': 1}",295
75,"{'sift_nfeatures': 0, 'sift_nOctaveLayers': 3, 'sift_contrastThreshold': np.float64(0.02), 'sift_edgeThreshold': np.float64(8.030303030303031), 'sift_sigma': np.float64(0.6666666666666667), 'min_match_count': 50, 'good_matches_threshold': np.float64(0.8909090909090909), 'mask_scale': 1}",221
75,"{'sift_nfeatures': 0, 'sift_nOctaveLayers': 4, 'sift_contrastThreshold': np.float64(0.04101010101010101), 'sift_edgeThreshold': np.float64(14.494949494949495), 'sift_sigma': np.float64(0.7838383838383838), 'min_match_count': 47, 'good_matches_threshold': np.float64(0.8151515151515152), 'mask_scale': 1}",219
75,"{'sift_nfeatures': 0, 'sift_nOctaveLayers': 4, 'sift_contrastThreshold': np.float64(0.043434343434343436), 'sift_edgeThreshold': np.float64(13.383838383838384), 'sift_sigma': np.float64(0.5898989898989899), 'min_match_count': 47, 'good_matches_threshold': np.float64(0.6909090909090909), 'mask_scale': 1}",218
75,"{'sift_nfeatures': 0, 'sift_nOctaveLayers': 4, 'sift_contrastThreshold': np.float64(0.05434343434343433), 'sift_edgeThreshold': np.float64(9.040404040404042), 'sift_sigma': np.float64(0.4565656565656566), 'min_match_count': 59, 'good_matches_threshold': np.float64(0.6393939393939394), 'mask_scale': 1}",217
75,"{'sift_nfeatures': 0, 'sift_nOctaveLayers': 4, 'sift_contrastThreshold': np.float64(0.04868686868686868), 'sift_edgeThreshold': np.float64(5.808080808080808), 'sift_sigma': np.float64(0.7151515151515151), 'min_match_count': 46, 'good_matches_threshold': np.float64(0.7242424242424242), 'mask_scale': 1}",232
75,"{'sift_nfeatures': 0, 'sift_nOctaveLayers': 3, 'sift_contrastThreshold': np.float64(0.045454545454545456), 'sift_edgeThreshold': np.float64(10.656565656565657), 'sift_sigma': np.float64(0.7919191919191919), 'min_match_count': 48, 'good_matches_threshold': np.float64(0.8424242424242424), 'mask_scale': 1}",231
75,"{'sift_nfeatures': 0, 'sift_nOctaveLayers': 4, 'sift_contrastThreshold': np.float64(0.059191919191919184), 'sift_edgeThreshold': np.float64(5.808080808080808), 'sift_sigma': np.float64(0.4363636363636364), 'min_match_count': 44, 'good_matches_threshold': np.float64(0.7363636363636363), 'mask_scale': 1}",230
75,"{'sift_nfeatures': 0, 'sift_nOctaveLayers': 4, 'sift_contrastThreshold': np.float64(0.043434343434343436), 'sift_edgeThreshold': np.float64(8.636363636363637), 'sift_sigma': np.float64(0.7030303030303031), 'min_match_count': 40, 'good_matches_threshold': np.float64(0.6515151515151515), 'mask_scale': 1}",145
75,"{'sift_nfeatures': 0, 'sift_nOctaveLayers': 3, 'sift_contrastThreshold': np.float64(0.04303030303030303), 'sift_edgeThreshold': np.float64(9.545454545454545), 'sift_sigma': np.float64(0.7393939393939395), 'min_match_count': 43, 'good_matches_threshold': np.float64(0.8606060606060606), 'mask_scale': 1}",214
75,"{'sift_nfeatures': 0, 'sift_nOctaveLayers': 4, 'sift_contrastThreshold': np.float64(0.05232323232323231), 'sift_edgeThreshold': np.float64(7.828282828282829), 'sift_sigma': np.float64(0.5373737373737374), 'min_match_count': 59, 'good_matches_threshold': np.float64(0.8696969696969696), 'mask_scale': 1}",213
75,"{'sift_nfeatures': 0, 'sift_nOctaveLayers': 4, 'sift_contrastThreshold': np.float64(0.020404040404040404), 'sift_edgeThreshold': np.float64(14.494949494949495), 'sift_sigma': np.float64(0.4161616161616162), 'min_match_count': 58, 'good_matches_threshold': np.float64(0.7303030303030302), 'mask_scale': 1}",212
75,"{'sift_nfeatures': 0, 'sift_nOctaveLayers': 4, 'sift_contrastThreshold': np.float64(0.02282828282828283), 'sift_edgeThreshold': np.float64(6.01010101010101), 'sift_sigma': np.float64(0.41212121212121217), 'min_match_count': 58, 'good_matches_threshold': np.float64(0.8757575757575757), 'mask_scale': 1}",211
75,"{'sift_nfeatures': 0, 'sift_nOctaveLayers': 3, 'sift_contrastThreshold': np.float64(0.020404040404040404), 'sift_edgeThreshold': np.float64(12.878787878787879), 'sift_sigma': np.float64(0.5777777777777778), 'min_match_count': 42, 'good_matches_threshold': np.float64(0.6727272727272727), 'mask_scale': 1}",210
75,"{'sift_nfeatures': 0, 'sift_nOctaveLayers': 4, 'sift_contrastThreshold': np.float64(0.03414141414141414), 'sift_edgeThreshold': np.float64(6.616161616161616), 'sift_sigma': np.float64(0.7111111111111111), 'min_match_count': 58, 'good_matches_threshold': np.float64(0.703030303030303), 'mask_scale': 1}",224
75,"{'sift_nfeatures': 0, 'sift_nOctaveLayers': 3, 'sift_contrastThreshold': np.float64(0.04222222222222222), 'sift_edgeThreshold': np.float64(10.353535353535353), 'sift_sigma': np.float64(0.5333333333333333), 'min_match_count': 46, 'good_matches_threshold': np.float64(0.7363636363636363), 'mask_scale': 1}",223
75,"{'sift_nfeatures': 0, 'sift_nOctaveLayers': 3, 'sift_contrastThreshold': np.float64(0.024444444444444442), 'sift_edgeThreshold': np.float64(12.474747474747474), 'sift_sigma': np.float64(0.5131313131313131), 'min_match_count': 43, 'good_matches_threshold': np.float64(0.6848484848484848), 'mask_scale': 1}",149
75,"{'sift_nfeatures': 0, 'sift_nOctaveLayers': 3, 'sift_contrastThreshold': np.float64(0.04909090909090909), 'sift_edgeThreshold': np.float64(12.272727272727273), 'sift_sigma': np.float64(0.7353535353535354), 'min_match_count': 41, 'good_matches_threshold': np.float64(0.8818181818181818), 'mask_scale': 1}",148
75,"{'sift_nfeatures': 0, 'sift_nOctaveLayers': 3, 'sift_contrastThreshold': np.float64(0.045858585858585856), 'sift_edgeThreshold': np.float64(11.464646464646464), 'sift_sigma': np.float64(0.7474747474747475), 'min_match_count': 55, 'good_matches_threshold': np.float64(0.6545454545454545), 'mask_scale': 1}",215
75,"{'sift_nfeatures': 0, 'sift_nOctaveLayers': 3, 'sift_contrastThreshold': np.float64(0.021616161616161617), 'sift_edgeThreshold': np.float64(6.313131313131313), 'sift_sigma': np.float64(0.5535353535353535), 'min_match_count': 41, 'good_matches_threshold': np.float64(0.8696969696969696), 'mask_scale': 1}",44
75,"{'sift_nfeatures': 0, 'sift_nOctaveLayers': 3, 'sift_contrastThreshold': np.float64(0.03212121212121212), 'sift_edgeThreshold': np.float64(5.808080808080808), 'sift_sigma': np.float64(0.6585858585858586), 'min_match_count': 59, 'good_matches_threshold': np.float64(0.7242424242424242), 'mask_scale': 1}",43
75,"{'sift_nfeatures': 0, 'sift_nOctaveLayers': 3, 'sift_contrastThreshold': np.float64(0.05353535353535353), 'sift_edgeThreshold': np.float64(9.646464646464647), 'sift_sigma': np.float64(0.5494949494949495), 'min_match_count': 44, 'good_matches_threshold': np.float64(0.6393939393939394), 'mask_scale': 1}",344
75,"{'sift_nfeatures': 0, 'sift_nOctaveLayers': 4, 'sift_contrastThreshold': np.float64(0.051515151515151514), 'sift_edgeThreshold': np.float64(11.969696969696969), 'sift_sigma': np.float64(0.4686868686868687), 'min_match_count': 54, 'good_matches_threshold': np.float64(0.9), 'mask_scale': 1}",343
75,"{'sift_nfeatures': 0, 'sift_nOctaveLayers': 4, 'sift_contrastThreshold': np.float64(0.031313131313131314), 'sift_edgeThreshold': np.float64(12.777777777777779), 'sift_sigma': np.float64(0.49292929292929294), 'min_match_count': 49, 'good_matches_threshold': np.float64(0.8272727272727273), 'mask_scale': 1}",381
75,"{'sift_nfeatures': 0, 'sift_nOctaveLayers': 4, 'sift_contrastThreshold': np.float64(0.05555555555555555), 'sift_edgeThreshold': np.float64(8.737373737373737), 'sift_sigma': np.float64(0.6585858585858586), 'min_match_count': 41, 'good_matches_threshold': np.float64(0.8484848484848485), 'mask_scale': 1}",18
75,"{'sift_nfeatures': 0, 'sift_nOctaveLayers': 3, 'sift_contrastThreshold': np.float64(0.05797979797979798), 'sift_edgeThreshold': np.float64(14.393939393939394), 'sift_sigma': np.float64(0.6383838383838384), 'min_match_count': 54, 'good_matches_threshold': np.float64(0.8363636363636364), 'mask_scale': 1}",32
75,"{'sift_nfeatures': 0, 'sift_nOctaveLayers': 3, 'sift_contrastThreshold': np.float64(0.046262626262626255), 'sift_edgeThreshold': np.float64(7.626262626262626), 'sift_sigma': np.float64(0.6747474747474748), 'min_match_count': 50, 'good_matches_threshold': np.float64(0.8818181818181818), 'mask_scale': 1}",31
75,"{'sift_nfeatures': 0, 'sift_nOctaveLayers': 3, 'sift_contrastThreshold': np.float64(0.045858585858585856), 'sift_edgeThreshold': np.float64(13.484848484848484), 'sift_sigma': np.float64(0.7595959595959596), 'min_match_count': 55, 'good_matches_threshold': np.float64(0.8424242424242424), 'mask_scale': 1}",296
75,"{'sift_nfeatures': 0, 'sift_nOctaveLayers': 4, 'sift_contrastThreshold': np.float64(0.029696969696969694), 'sift_edgeThreshold': np.float64(9.040404040404042), 'sift_sigma': np.float64(0.42424242424242425), 'min_match_count': 48, 'good_matches_threshold': np.float64(0.8636363636363636), 'mask_scale': 1}",40
75,"{'sift_nfeatures': 0, 'sift_nOctaveLayers': 3, 'sift_contrastThreshold': np.float64(0.027676767676767675), 'sift_edgeThreshold': np.float64(13.484848484848484), 'sift_sigma': np.float64(0.5898989898989899), 'min_match_count': 45, 'good_matches_threshold': np.float64(0.6484848484848484), 'mask_scale': 1}",39
75,"{'sift_nfeatures': 0, 'sift_nOctaveLayers': 4, 'sift_contrastThreshold': np.float64(0.03898989898989899), 'sift_edgeThreshold': np.float64(5.808080808080808), 'sift_sigma': np.float64(0.5535353535353535), 'min_match_count': 59, 'good_matches_threshold': np.float64(0.8515151515151516), 'mask_scale': 1}",37
75,"{'sift_nfeatures': 0, 'sift_nOctaveLayers': 4, 'sift_contrastThreshold': np.float64(0.04141414141414141), 'sift_edgeThreshold': np.float64(13.484848484848484), 'sift_sigma': np.float64(0.5414141414141415), 'min_match_count': 46, 'good_matches_threshold': np.float64(0.796969696969697), 'mask_scale': 1}",380
75,"{'sift_nfeatures': 0, 'sift_nOctaveLayers': 3, 'sift_contrastThreshold': np.float64(0.03737373737373737), 'sift_edgeThreshold': np.float64(9.646464646464647), 'sift_sigma': np.float64(0.7515151515151515), 'min_match_count': 41, 'good_matches_threshold': np.float64(0.7212121212121212), 'mask_scale': 1}",261
75,"{'sift_nfeatures': 0, 'sift_nOctaveLayers': 4, 'sift_contrastThreshold': np.float64(0.02808080808080808), 'sift_edgeThreshold': np.float64(5.606060606060606), 'sift_sigma': np.float64(0.6424242424242425), 'min_match_count': 54, 'good_matches_threshold': np.float64(0.7484848484848485), 'mask_scale': 1}",260
75,"{'sift_nfeatures': 0, 'sift_nOctaveLayers': 4, 'sift_contrastThreshold': np.float64(0.05272727272727272), 'sift_edgeThreshold': np.float64(11.666666666666668), 'sift_sigma': np.float64(0.6181818181818182), 'min_match_count': 48, 'good_matches_threshold': np.float64(0.8151515151515152), 'mask_scale': 1}",259
75,"{'sift_nfeatures': 0, 'sift_nOctaveLayers': 4, 'sift_contrastThreshold': np.float64(0.059191919191919184), 'sift_edgeThreshold': np.float64(11.666666666666668), 'sift_sigma': np.float64(0.5333333333333333), 'min_match_count': 59, 'good_matches_threshold': np.float64(0.6575757575757576), 'mask_scale': 1}",257
75,"{'sift_nfeatures': 0, 'sift_nOctaveLayers': 3, 'sift_contrastThreshold': np.float64(0.029696969696969694), 'sift_edgeThreshold': np.float64(7.424242424242424), 'sift_sigma': np.float64(0.5575757575757576), 'min_match_count': 56, 'good_matches_threshold': np.float64(0.703030303030303), 'mask_scale': 1}",25
75,"{'sift_nfeatures': 0, 'sift_nOctaveLayers': 3, 'sift_contrastThreshold': np.float64(0.03333333333333333), 'sift_edgeThreshold': np.float64(14.09090909090909), 'sift_sigma': np.float64(0.5292929292929294), 'min_match_count': 49, 'good_matches_threshold': np.float64(0.6242424242424243), 'mask_scale': 1}",346
75,"{'sift_nfeatures': 0, 'sift_nOctaveLayers': 3, 'sift_contrastThreshold': np.float64(0.030505050505050504), 'sift_edgeThreshold': np.float64(6.616161616161616), 'sift_sigma': np.float64(0.48888888888888893), 'min_match_count': 56, 'good_matches_threshold': np.float64(0.6454545454545454), 'mask_scale': 1}",345
75,"{'sift_nfeatures': 0, 'sift_nOctaveLayers': 4, 'sift_contrastThreshold': np.float64(0.03575757575757575), 'sift_edgeThreshold': np.float64(14.595959595959595), 'sift_sigma': np.float64(0.5292929292929294), 'min_match_count': 50, 'good_matches_threshold': np.float64(0.6), 'mask_scale': 1}",360
75,"{'sift_nfeatures': 0, 'sift_nOctaveLayers': 3, 'sift_contrastThreshold': np.float64(0.04868686868686868), 'sift_edgeThreshold': np.float64(7.626262626262626), 'sift_sigma': np.float64(0.42020202020202024), 'min_match_count': 45, 'good_matches_threshold': np.float64(0.6515151515151515), 'mask_scale': 1}",357
75,"{'sift_nfeatures': 0, 'sift_nOctaveLayers': 4, 'sift_contrastThreshold': np.float64(0.04909090909090909), 'sift_edgeThreshold': np.float64(5.303030303030303), 'sift_sigma': np.float64(0.7393939393939395), 'min_match_count': 59, 'good_matches_threshold': np.float64(0.9), 'mask_scale': 1}",356
75,"{'sift_nfeatures': 0, 'sift_nOctaveLayers': 3, 'sift_contrastThreshold': np.float64(0.049898989898989894), 'sift_edgeThreshold': np.float64(10.555555555555555), 'sift_sigma': np.float64(0.6747474747474748), 'min_match_count': 52, 'good_matches_threshold': np.float64(0.6454545454545454), 'mask_scale': 1}",354
75,"{'sift_nfeatures': 0, 'sift_nOctaveLayers': 3, 'sift_contrastThreshold': np.float64(0.05757575757575757), 'sift_edgeThreshold': np.float64(13.181818181818182), 'sift_sigma': np.float64(0.7353535353535354), 'min_match_count': 54, 'good_matches_threshold': np.float64(0.8848484848484849), 'mask_scale': 1}",353
75,"{'sift_nfeatures': 0, 'sift_nOctaveLayers': 4, 'sift_contrastThreshold': np.float64(0.02808080808080808), 'sift_edgeThreshold': np.float64(7.626262626262626), 'sift_sigma': np.float64(0.6424242424242425), 'min_match_count': 47, 'good_matches_threshold': np.float64(0.7181818181818181), 'mask_scale': 1}",342
75,"{'sift_nfeatures': 0, 'sift_nOctaveLayers': 4, 'sift_contrastThreshold': np.float64(0.02484848484848485), 'sift_edgeThreshold': np.float64(11.969696969696969), 'sift_sigma': np.float64(0.5979797979797981), 'min_match_count': 43, 'good_matches_threshold': np.float64(0.703030303030303), 'mask_scale': 1}",45
75,"{'sift_nfeatures': 0, 'sift_nOctaveLayers': 4, 'sift_contrastThreshold': np.float64(0.05878787878787878), 'sift_edgeThreshold': np.float64(7.525252525252525), 'sift_sigma': np.float64(0.5737373737373738), 'min_match_count': 46, 'good_matches_threshold': np.float64(0.8393939393939394), 'mask_scale': 1}",340
75,"{'sift_nfeatures': 0, 'sift_nOctaveLayers': 3, 'sift_contrastThreshold': np.float64(0.023636363636363636), 'sift_edgeThreshold': np.float64(9.343434343434343), 'sift_sigma': np.float64(0.5818181818181818), 'min_match_count': 49, 'good_matches_threshold': np.float64(0.793939393939394), 'mask_scale': 1}",339
75,"{'sift_nfeatures': 0, 'sift_nOctaveLayers': 3, 'sift_contrastThreshold': np.float64(0.026868686868686868), 'sift_edgeThreshold': np.float64(5.202020202020202), 'sift_sigma': np.float64(0.4363636363636364), 'min_match_count': 51, 'good_matches_threshold': np.float64(0.6242424242424243), 'mask_scale': 1}",338
75,"{'sift_nfeatures': 0, 'sift_nOctaveLayers': 3, 'sift_contrastThreshold': np.float64(0.0503030303030303), 'sift_edgeThreshold': np.float64(13.98989898989899), 'sift_sigma': np.float64(0.4282828282828283), 'min_match_count': 47, 'good_matches_threshold': np.float64(0.6666666666666666), 'mask_scale': 1}",337
75,"{'sift_nfeatures': 0, 'sift_nOctaveLayers': 3, 'sift_contrastThreshold': np.float64(0.0503030303030303), 'sift_edgeThreshold': np.float64(12.777777777777779), 'sift_sigma': np.float64(0.7797979797979798), 'min_match_count': 52, 'good_matches_threshold': np.float64(0.7333333333333334), 'mask_scale': 1}",350
75,"{'sift_nfeatures': 0, 'sift_nOctaveLayers': 4, 'sift_contrastThreshold': np.float64(0.02282828282828283), 'sift_edgeThreshold': np.float64(12.575757575757574), 'sift_sigma': np.float64(0.5252525252525253), 'min_match_count': 43, 'good_matches_threshold': np.float64(0.8787878787878788), 'mask_scale': 1}",349
75,"{'sift_nfeatures': 0, 'sift_nOctaveLayers': 3, 'sift_contrastThreshold': np.float64(0.02202020202020202), 'sift_edgeThreshold': np.float64(12.272727272727273), 'sift_sigma': np.float64(0.5292929292929294), 'min_match_count': 45, 'good_matches_threshold': np.float64(0.703030303030303), 'mask_scale': 1}",35
75,"{'sift_nfeatures': 0, 'sift_nOctaveLayers': 4, 'sift_contrastThreshold': np.float64(0.025252525252525252), 'sift_edgeThreshold': np.float64(9.747474747474747), 'sift_sigma': np.float64(0.7919191919191919), 'min_match_count': 42, 'good_matches_threshold': np.float64(0.609090909090909), 'mask_scale': 1}",34
75,"{'sift_nfeatures': 0, 'sift_nOctaveLayers': 4, 'sift_contrastThreshold': np.float64(0.058383838383838385), 'sift_edgeThreshold': np.float64(6.313131313131313), 'sift_sigma': np.float64(0.7595959595959596), 'min_match_count': 59, 'good_matches_threshold': np.float64(0.9), 'mask_scale': 1}",46
75,"{'sift_nfeatures': 0, 'sift_nOctaveLayers': 3, 'sift_contrastThreshold': np.float64(0.044242424242424236), 'sift_edgeThreshold': np.float64(5.707070707070707), 'sift_sigma': np.float64(0.6141414141414141), 'min_match_count': 56, 'good_matches_threshold': np.float64(0.603030303030303), 'mask_scale': 1}",341
75,"{'sift_nfeatures': 0, 'sift_nOctaveLayers': 4, 'sift_contrastThreshold': np.float64(0.029696969696969694), 'sift_edgeThreshold': np.float64(8.333333333333334), 'sift_sigma': np.float64(0.7757575757575758), 'min_match_count': 45, 'good_matches_threshold': np.float64(0.6121212121212121), 'mask_scale': 1}",367
75,"{'sift_nfeatures': 0, 'sift_nOctaveLayers': 3, 'sift_contrastThreshold': np.float64(0.05959595959595959), 'sift_edgeThreshold': np.float64(13.282828282828282), 'sift_sigma': np.float64(0.46464646464646464), 'min_match_count': 56, 'good_matches_threshold': np.float64(0.8424242424242424), 'mask_scale': 1}",366
75,"{'sift_nfeatures': 0, 'sift_nOctaveLayers': 3, 'sift_contrastThreshold': np.float64(0.048282828282828275), 'sift_edgeThreshold': np.float64(10.252525252525253), 'sift_sigma': np.float64(0.5212121212121212), 'min_match_count': 42, 'good_matches_threshold': np.float64(0.7696969696969698), 'mask_scale': 1}",365
75,"{'sift_nfeatures': 0, 'sift_nOctaveLayers': 4, 'sift_contrastThreshold': np.float64(0.02), 'sift_edgeThreshold': np.float64(5.606060606060606), 'sift_sigma': np.float64(0.4080808080808081), 'min_match_count': 43, 'good_matches_threshold': np.float64(0.6454545454545454), 'mask_scale': 1}",364
75,"{'sift_nfeatures': 0, 'sift_nOctaveLayers': 4, 'sift_contrastThreshold': np.float64(0.02202020202020202), 'sift_edgeThreshold': np.float64(6.717171717171717), 'sift_sigma': np.float64(0.6828282828282828), 'min_match_count': 59, 'good_matches_threshold': np.float64(0.6060606060606061), 'mask_scale': 1}",363
75,"{'sift_nfeatures': 0, 'sift_nOctaveLayers': 3, 'sift_contrastThreshold': np.float64(0.0301010101010101), 'sift_edgeThreshold': np.float64(12.373737373737374), 'sift_sigma': np.float64(0.501010101010101), 'min_match_count': 45, 'good_matches_threshold': np.float64(0.7181818181818181), 'mask_scale': 1}",362
75,"{'sift_nfeatures': 0, 'sift_nOctaveLayers': 3, 'sift_contrastThreshold': np.float64(0.04868686868686868), 'sift_edgeThreshold': np.float64(11.464646464646464), 'sift_sigma': np.float64(0.5616161616161617), 'min_match_count': 42, 'good_matches_threshold': np.float64(0.6848484848484848), 'mask_scale': 1}",361
75,"{'sift_nfeatures': 0, 'sift_nOctaveLayers': 3, 'sift_contrastThreshold': np.float64(0.05959595959595959), 'sift_edgeThreshold': np.float64(9.444444444444445), 'sift_sigma': np.float64(0.7555555555555555), 'min_match_count': 54, 'good_matches_threshold': np.float64(0.6575757575757576), 'mask_scale': 1}",289
75,"{'sift_nfeatures': 0, 'sift_nOctaveLayers': 4, 'sift_contrastThreshold': np.float64(0.049898989898989894), 'sift_edgeThreshold': np.float64(5.0), 'sift_sigma': np.float64(0.4404040404040404), 'min_match_count': 53, 'good_matches_threshold': np.float64(0.7393939393939394), 'mask_scale': 1}",272
75,"{'sift_nfeatures': 0, 'sift_nOctaveLayers': 4, 'sift_contrastThreshold': np.float64(0.0503030303030303), 'sift_edgeThreshold': np.float64(14.292929292929292), 'sift_sigma': np.float64(0.7313131313131314), 'min_match_count': 52, 'good_matches_threshold': np.float64(0.7333333333333334), 'mask_scale': 1}",303
75,"{'sift_nfeatures': 0, 'sift_nOctaveLayers': 3, 'sift_contrastThreshold': np.float64(0.05797979797979798), 'sift_edgeThreshold': np.float64(9.343434343434343), 'sift_sigma': np.float64(0.5494949494949495), 'min_match_count': 50, 'good_matches_threshold': np.float64(0.7666666666666666), 'mask_scale': 1}",302
75,"{'sift_nfeatures': 0, 'sift_nOctaveLayers': 4, 'sift_contrastThreshold': np.float64(0.03818181818181818), 'sift_edgeThreshold': np.float64(12.272727272727273), 'sift_sigma': np.float64(0.6383838383838384), 'min_match_count': 52, 'good_matches_threshold': np.float64(0.803030303030303), 'mask_scale': 1}",300
75,"{'sift_nfeatures': 0, 'sift_nOctaveLayers': 4, 'sift_contrastThreshold': np.float64(0.05393939393939394), 'sift_edgeThreshold': np.float64(9.747474747474747), 'sift_sigma': np.float64(0.46060606060606063), 'min_match_count': 59, 'good_matches_threshold': np.float64(0.603030303030303), 'mask_scale': 1}",299
75,"{'sift_nfeatures': 0, 'sift_nOctaveLayers': 3, 'sift_contrastThreshold': np.float64(0.044242424242424236), 'sift_edgeThreshold': np.float64(14.595959595959595), 'sift_sigma': np.float64(0.6141414141414141), 'min_match_count': 45, 'good_matches_threshold': np.float64(0.603030303030303), 'mask_scale': 1}",298
75,"{'sift_nfeatures': 0, 'sift_nOctaveLayers': 3, 'sift_contrastThreshold': np.float64(0.03171717171717171), 'sift_edgeThreshold': np.float64(9.040404040404042), 'sift_sigma': np.float64(0.41212121212121217), 'min_match_count': 51, 'good_matches_threshold': np.float64(0.7909090909090909), 'mask_scale': 1}",297
75,"{'sift_nfeatures': 0, 'sift_nOctaveLayers': 4, 'sift_contrastThreshold': np.float64(0.05797979797979798), 'sift_edgeThreshold': np.float64(13.181818181818182), 'sift_sigma': np.float64(0.5292929292929294), 'min_match_count': 56, 'good_matches_threshold': np.float64(0.603030303030303), 'mask_scale': 1}",282
75,"{'sift_nfeatures': 0, 'sift_nOctaveLayers': 4, 'sift_contrastThreshold': np.float64(0.025252525252525252), 'sift_edgeThreshold': np.float64(12.171717171717171), 'sift_sigma': np.float64(0.5090909090909091), 'min_match_count': 45, 'good_matches_threshold': np.float64(0.6818181818181818), 'mask_scale': 1}",281
75,"{'sift_nfeatures': 0, 'sift_nOctaveLayers': 4, 'sift_contrastThreshold': np.float64(0.023232323232323233), 'sift_edgeThreshold': np.float64(13.080808080808081), 'sift_sigma': np.float64(0.6141414141414141), 'min_match_count': 42, 'good_matches_threshold': np.float64(0.8757575757575757), 'mask_scale': 1}",196
75,"{'sift_nfeatures': 0, 'sift_nOctaveLayers': 4, 'sift_contrastThreshold': np.float64(0.0402020202020202), 'sift_edgeThreshold': np.float64(14.797979797979798), 'sift_sigma': np.float64(0.4565656565656566), 'min_match_count': 42, 'good_matches_threshold': np.float64(0.6242424242424243), 'mask_scale': 1}",304
75,"{'sift_nfeatures': 0, 'sift_nOctaveLayers': 3, 'sift_contrastThreshold': np.float64(0.03171717171717171), 'sift_edgeThreshold': np.float64(7.828282828282829), 'sift_sigma': np.float64(0.4484848484848485), 'min_match_count': 46, 'good_matches_threshold': np.float64(0.806060606060606), 'mask_scale': 1}",270
75,"{'sift_nfeatures': 0, 'sift_nOctaveLayers': 3, 'sift_contrastThreshold': np.float64(0.04181818181818182), 'sift_edgeThreshold': np.float64(11.565656565656566), 'sift_sigma': np.float64(0.7353535353535354), 'min_match_count': 42, 'good_matches_threshold': np.float64(0.8424242424242424), 'mask_scale': 1}",269
75,"{'sift_nfeatures': 0, 'sift_nOctaveLayers': 4, 'sift_contrastThreshold': np.float64(0.04141414141414141), 'sift_edgeThreshold': np.float64(6.313131313131313), 'sift_sigma': np.float64(0.5212121212121212), 'min_match_count': 55, 'good_matches_threshold': np.float64(0.6515151515151515), 'mask_scale': 1}",255
75,"{'sift_nfeatures': 0, 'sift_nOctaveLayers': 4, 'sift_contrastThreshold': np.float64(0.03777777777777777), 'sift_edgeThreshold': np.float64(9.141414141414142), 'sift_sigma': np.float64(0.7272727272727273), 'min_match_count': 51, 'good_matches_threshold': np.float64(0.8090909090909091), 'mask_scale': 1}",253
75,"{'sift_nfeatures': 0, 'sift_nOctaveLayers': 3, 'sift_contrastThreshold': np.float64(0.03898989898989899), 'sift_edgeThreshold': np.float64(12.373737373737374), 'sift_sigma': np.float64(0.7353535353535354), 'min_match_count': 41, 'good_matches_threshold': np.float64(0.7333333333333334), 'mask_scale': 1}",252
75,"{'sift_nfeatures': 0, 'sift_nOctaveLayers': 3, 'sift_contrastThreshold': np.float64(0.03535353535353535), 'sift_edgeThreshold': np.float64(10.151515151515152), 'sift_sigma': np.float64(0.43232323232323233), 'min_match_count': 48, 'good_matches_threshold': np.float64(0.8515151515151516), 'mask_scale': 1}",251
75,"{'sift_nfeatures': 0, 'sift_nOctaveLayers': 3, 'sift_contrastThreshold': np.float64(0.031313131313131314), 'sift_edgeThreshold': np.float64(11.666666666666668), 'sift_sigma': np.float64(0.42424242424242425), 'min_match_count': 52, 'good_matches_threshold': np.float64(0.6151515151515151), 'mask_scale': 1}",250
75,"{'sift_nfeatures': 0, 'sift_nOctaveLayers': 3, 'sift_contrastThreshold': np.float64(0.05797979797979798), 'sift_edgeThreshold': np.float64(6.717171717171717), 'sift_sigma': np.float64(0.5050505050505051), 'min_match_count': 41, 'good_matches_threshold': np.float64(0.8303030303030303), 'mask_scale': 1}",249
75,"{'sift_nfeatures': 0, 'sift_nOctaveLayers': 3, 'sift_contrastThreshold': np.float64(0.032525252525252527), 'sift_edgeThreshold': np.float64(11.464646464646464), 'sift_sigma': np.float64(0.5494949494949495), 'min_match_count': 48, 'good_matches_threshold': np.float64(0.8333333333333334), 'mask_scale': 1}",24
75,"{'sift_nfeatures': 0, 'sift_nOctaveLayers': 4, 'sift_contrastThreshold': np.float64(0.03616161616161616), 'sift_edgeThreshold': np.float64(10.555555555555555), 'sift_sigma': np.float64(0.6181818181818182), 'min_match_count': 52, 'good_matches_threshold': np.float64(0.8606060606060606), 'mask_scale': 1}",263
75,"{'sift_nfeatures': 0, 'sift_nOctaveLayers': 4, 'sift_contrastThreshold': np.float64(0.031313131313131314), 'sift_edgeThreshold': np.float64(13.787878787878787), 'sift_sigma': np.float64(0.4484848484848485), 'min_match_count': 41, 'good_matches_threshold': np.float64(0.8818181818181818), 'mask_scale': 1}",248
75,"{'sift_nfeatures': 0, 'sift_nOctaveLayers': 3, 'sift_contrastThreshold': np.float64(0.020808080808080807), 'sift_edgeThreshold': np.float64(7.424242424242424), 'sift_sigma': np.float64(0.7717171717171718), 'min_match_count': 50, 'good_matches_threshold': np.float64(0.9), 'mask_scale': 1}",247
75,"{'sift_nfeatures': 0, 'sift_nOctaveLayers': 4, 'sift_contrastThreshold': np.float64(0.04666666666666666), 'sift_edgeThreshold': np.float64(10.555555555555555), 'sift_sigma': np.float64(0.4808080808080808), 'min_match_count': 40, 'good_matches_threshold': np.float64(0.8272727272727273), 'mask_scale': 1}",246
75,"{'sift_nfeatures': 0, 'sift_nOctaveLayers': 3, 'sift_contrastThreshold': np.float64(0.026060606060606062), 'sift_edgeThreshold': np.float64(7.525252525252525), 'sift_sigma': np.float64(0.6545454545454545), 'min_match_count': 50, 'good_matches_threshold': np.float64(0.8363636363636364), 'mask_scale': 1}",245
75,"{'sift_nfeatures': 0, 'sift_nOctaveLayers': 4, 'sift_contrastThreshold': np.float64(0.021616161616161617), 'sift_edgeThreshold': np.float64(5.808080808080808), 'sift_sigma': np.float64(0.7434343434343434), 'min_match_count': 57, 'good_matches_threshold': np.float64(0.6484848484848484), 'mask_scale': 1}",244
75,"{'sift_nfeatures': 0, 'sift_nOctaveLayers': 3, 'sift_contrastThreshold': np.float64(0.03212121212121212), 'sift_edgeThreshold': np.float64(10.858585858585858), 'sift_sigma': np.float64(0.698989898989899), 'min_match_count': 47, 'good_matches_threshold': np.float64(0.6), 'mask_scale': 1}",242
75,"{'sift_nfeatures': 0, 'sift_nOctaveLayers': 3, 'sift_contrastThreshold': np.float64(0.032525252525252527), 'sift_edgeThreshold': np.float64(15.0), 'sift_sigma': np.float64(0.5898989898989899), 'min_match_count': 48, 'good_matches_threshold': np.float64(0.6575757575757576), 'mask_scale': 1}",241
75,"{'sift_nfeatures': 0, 'sift_nOctaveLayers': 3, 'sift_contrastThreshold': np.float64(0.0503030303030303), 'sift_edgeThreshold': np.float64(12.373737373737374), 'sift_sigma': np.float64(0.6343434343434344), 'min_match_count': 59, 'good_matches_threshold': np.float64(0.7303030303030302), 'mask_scale': 1}",256
75,"{'sift_nfeatures': 0, 'sift_nOctaveLayers': 4, 'sift_contrastThreshold': np.float64(0.020404040404040404), 'sift_edgeThreshold': np.float64(6.212121212121212), 'sift_sigma': np.float64(0.4161616161616162), 'min_match_count': 51, 'good_matches_threshold': np.float64(0.6121212121212121), 'mask_scale': 1}",264
75,"{'sift_nfeatures': 0, 'sift_nOctaveLayers': 4, 'sift_contrastThreshold': np.float64(0.04181818181818182), 'sift_edgeThreshold': np.float64(9.040404040404042), 'sift_sigma': np.float64(0.5454545454545454), 'min_match_count': 46, 'good_matches_threshold': np.float64(0.8393939393939394), 'mask_scale': 1}",50
75,"{'sift_nfeatures': 0, 'sift_nOctaveLayers': 3, 'sift_contrastThreshold': np.float64(0.045454545454545456), 'sift_edgeThreshold': np.float64(10.656565656565657), 'sift_sigma': np.float64(0.42424242424242425), 'min_match_count': 50, 'good_matches_threshold': np.float64(0.7454545454545455), 'mask_scale': 1}",64
75,"{'sift_nfeatures': 0, 'sift_nOctaveLayers': 4, 'sift_contrastThreshold': np.float64(0.05555555555555555), 'sift_edgeThreshold': np.float64(9.747474747474747), 'sift_sigma': np.float64(0.6828282828282828), 'min_match_count': 43, 'good_matches_threshold': np.float64(0.8666666666666667), 'mask_scale': 1}",63
75,"{'sift_nfeatures': 0, 'sift_nOctaveLayers': 4, 'sift_contrastThreshold': np.float64(0.06), 'sift_edgeThreshold': np.float64(14.8989898989899), 'sift_sigma': np.float64(0.7555555555555555), 'min_match_count': 46, 'good_matches_threshold': np.float64(0.7181818181818181), 'mask_scale': 1}",99
75,"{'sift_nfeatures': 0, 'sift_nOctaveLayers': 3, 'sift_contrastThreshold': np.float64(0.03333333333333333), 'sift_edgeThreshold': np.float64(7.121212121212121), 'sift_sigma': np.float64(0.6585858585858586), 'min_match_count': 54, 'good_matches_threshold': np.float64(0.796969696969697), 'mask_scale': 1}",98
75,"{'sift_nfeatures': 0, 'sift_nOctaveLayers': 3, 'sift_contrastThreshold': np.float64(0.026464646464646465), 'sift_edgeThreshold': np.float64(5.404040404040404), 'sift_sigma': np.float64(0.4686868686868687), 'min_match_count': 55, 'good_matches_threshold': np.float64(0.8212121212121213), 'mask_scale': 1}",97
75,"{'sift_nfeatures': 0, 'sift_nOctaveLayers': 4, 'sift_contrastThreshold': np.float64(0.03696969696969697), 'sift_edgeThreshold': np.float64(7.525252525252525), 'sift_sigma': np.float64(0.7515151515151515), 'min_match_count': 47, 'good_matches_threshold': np.float64(0.696969696969697), 'mask_scale': 1}",112
75,"{'sift_nfeatures': 0, 'sift_nOctaveLayers': 3, 'sift_contrastThreshold': np.float64(0.026060606060606062), 'sift_edgeThreshold': np.float64(5.909090909090909), 'sift_sigma': np.float64(0.6141414141414141), 'min_match_count': 40, 'good_matches_threshold': np.float64(0.8090909090909091), 'mask_scale': 1}",110
75,"{'sift_nfeatures': 0, 'sift_nOctaveLayers': 3, 'sift_contrastThreshold': np.float64(0.045454545454545456), 'sift_edgeThreshold': np.float64(12.575757575757574), 'sift_sigma': np.float64(0.5858585858585859), 'min_match_count': 55, 'good_matches_threshold': np.float64(0.7151515151515151), 'mask_scale': 1}",193
75,"{'sift_nfeatures': 0, 'sift_nOctaveLayers': 4, 'sift_contrastThreshold': np.float64(0.027676767676767675), 'sift_edgeThreshold': np.float64(10.858585858585858), 'sift_sigma': np.float64(0.7717171717171718), 'min_match_count': 55, 'good_matches_threshold': np.float64(0.6848484848484848), 'mask_scale': 1}",108
75,"{'sift_nfeatures': 0, 'sift_nOctaveLayers': 3, 'sift_contrastThreshold': np.float64(0.028484848484848484), 'sift_edgeThreshold': np.float64(9.545454545454545), 'sift_sigma': np.float64(0.5373737373737374), 'min_match_count': 52, 'good_matches_threshold': np.float64(0.8363636363636364), 'mask_scale': 1}",382
75,"{'sift_nfeatures': 0, 'sift_nOctaveLayers': 3, 'sift_contrastThreshold': np.float64(0.028484848484848484), 'sift_edgeThreshold': np.float64(5.303030303030303), 'sift_sigma': np.float64(0.496969696969697), 'min_match_count': 40, 'good_matches_threshold': np.float64(0.7272727272727273), 'mask_scale': 1}",332
75,"{'sift_nfeatures': 0, 'sift_nOctaveLayers': 4, 'sift_contrastThreshold': np.float64(0.026868686868686868), 'sift_edgeThreshold': np.float64(10.151515151515152), 'sift_sigma': np.float64(0.5414141414141415), 'min_match_count': 40, 'good_matches_threshold': np.float64(0.6393939393939394), 'mask_scale': 1}",331
75,"{'sift_nfeatures': 0, 'sift_nOctaveLayers': 3, 'sift_contrastThreshold': np.float64(0.02202020202020202), 'sift_edgeThreshold': np.float64(12.070707070707071), 'sift_sigma': np.float64(0.5454545454545454), 'min_match_count': 49, 'good_matches_threshold': np.float64(0.7666666666666666), 'mask_scale': 1}",330
75,"{'sift_nfeatures': 0, 'sift_nOctaveLayers': 3, 'sift_contrastThreshold': np.float64(0.04464646464646464), 'sift_edgeThreshold': np.float64(7.727272727272727), 'sift_sigma': np.float64(0.4767676767676768), 'min_match_count': 55, 'good_matches_threshold': np.float64(0.609090909090909), 'mask_scale': 1}",329
75,"{'sift_nfeatures': 0, 'sift_nOctaveLayers': 4, 'sift_contrastThreshold': np.float64(0.02404040404040404), 'sift_edgeThreshold': np.float64(6.313131313131313), 'sift_sigma': np.float64(0.6222222222222222), 'min_match_count': 43, 'good_matches_threshold': np.float64(0.8454545454545455), 'mask_scale': 1}",15
75,"{'sift_nfeatures': 0, 'sift_nOctaveLayers': 4, 'sift_contrastThreshold': np.float64(0.031313131313131314), 'sift_edgeThreshold': np.float64(14.292929292929292), 'sift_sigma': np.float64(0.5616161616161617), 'min_match_count': 45, 'good_matches_threshold': np.float64(0.6424242424242425), 'mask_scale': 1}",369
75,"{'sift_nfeatures': 0, 'sift_nOctaveLayers': 3, 'sift_contrastThreshold': np.float64(0.0301010101010101), 'sift_edgeThreshold': np.float64(12.373737373737374), 'sift_sigma': np.float64(0.795959595959596), 'min_match_count': 50, 'good_matches_threshold': np.float64(0.8151515151515152), 'mask_scale': 1}",109
75,"{'sift_nfeatures': 0, 'sift_nOctaveLayers': 4, 'sift_contrastThreshold': np.float64(0.051515151515151514), 'sift_edgeThreshold': np.float64(10.858585858585858), 'sift_sigma': np.float64(0.4808080808080808), 'min_match_count': 55, 'good_matches_threshold': np.float64(0.7272727272727273), 'mask_scale': 1}",80
75,"{'sift_nfeatures': 0, 'sift_nOctaveLayers': 4, 'sift_contrastThreshold': np.float64(0.04464646464646464), 'sift_edgeThreshold': np.float64(5.909090909090909), 'sift_sigma': np.float64(0.5777777777777778), 'min_match_count': 40, 'good_matches_threshold': np.float64(0.6484848484848484), 'mask_scale': 1}",79
75,"{'sift_nfeatures': 0, 'sift_nOctaveLayers': 4, 'sift_contrastThreshold': np.float64(0.028484848484848484), 'sift_edgeThreshold': np.float64(10.151515151515152), 'sift_sigma': np.float64(0.42424242424242425), 'min_match_count': 43, 'good_matches_threshold': np.float64(0.8787878787878788), 'mask_scale': 1}",78
75,"{'sift_nfeatures': 0, 'sift_nOctaveLayers': 4, 'sift_contrastThreshold': np.float64(0.028888888888888888), 'sift_edgeThreshold': np.float64(13.686868686868687), 'sift_sigma': np.float64(0.6585858585858586), 'min_match_count': 40, 'good_matches_threshold': np.float64(0.8212121212121213), 'mask_scale': 1}",77
75,"{'sift_nfeatures': 0, 'sift_nOctaveLayers': 4, 'sift_contrastThreshold': np.float64(0.049494949494949494), 'sift_edgeThreshold': np.float64(13.383838383838384), 'sift_sigma': np.float64(0.6464646464646465), 'min_match_count': 56, 'good_matches_threshold': np.float64(0.8363636363636364), 'mask_scale': 1}",76
75,"{'sift_nfeatures': 0, 'sift_nOctaveLayers': 3, 'sift_contrastThreshold': np.float64(0.045858585858585856), 'sift_edgeThreshold': np.float64(12.777777777777779), 'sift_sigma': np.float64(0.5333333333333333), 'min_match_count': 55, 'good_matches_threshold': np.float64(0.7333333333333334), 'mask_scale': 1}",75
75,"{'sift_nfeatures': 0, 'sift_nOctaveLayers': 3, 'sift_contrastThreshold': np.float64(0.057171717171717165), 'sift_edgeThreshold': np.float64(6.01010101010101), 'sift_sigma': np.float64(0.4282828282828283), 'min_match_count': 45, 'good_matches_threshold': np.float64(0.8424242424242424), 'mask_scale': 1}",61
75,"{'sift_nfeatures': 0, 'sift_nOctaveLayers': 4, 'sift_contrastThreshold': np.float64(0.03171717171717171), 'sift_edgeThreshold': np.float64(9.94949494949495), 'sift_sigma': np.float64(0.5777777777777778), 'min_match_count': 55, 'good_matches_threshold': np.float64(0.893939393939394), 'mask_scale': 1}",60
75,"{'sift_nfeatures': 0, 'sift_nOctaveLayers': 3, 'sift_contrastThreshold': np.float64(0.025252525252525252), 'sift_edgeThreshold': np.float64(6.919191919191919), 'sift_sigma': np.float64(0.501010101010101), 'min_match_count': 45, 'good_matches_threshold': np.float64(0.7212121212121212), 'mask_scale': 1}",51
75,"{'sift_nfeatures': 0, 'sift_nOctaveLayers': 3, 'sift_contrastThreshold': np.float64(0.022424242424242423), 'sift_edgeThreshold': np.float64(7.929292929292929), 'sift_sigma': np.float64(0.496969696969697), 'min_match_count': 40, 'good_matches_threshold': np.float64(0.8424242424242424), 'mask_scale': 1}",57
75,"{'sift_nfeatures': 0, 'sift_nOctaveLayers': 3, 'sift_contrastThreshold': np.float64(0.04666666666666666), 'sift_edgeThreshold': np.float64(12.676767676767676), 'sift_sigma': np.float64(0.7151515151515151), 'min_match_count': 49, 'good_matches_threshold': np.float64(0.6121212121212121), 'mask_scale': 1}",72
75,"{'sift_nfeatures': 0, 'sift_nOctaveLayers': 3, 'sift_contrastThreshold': np.float64(0.02808080808080808), 'sift_edgeThreshold': np.float64(8.131313131313131), 'sift_sigma': np.float64(0.4363636363636364), 'min_match_count': 45, 'good_matches_threshold': np.float64(0.8727272727272728), 'mask_scale': 1}",69
75,"{'sift_nfeatures': 0, 'sift_nOctaveLayers': 3, 'sift_contrastThreshold': np.float64(0.02282828282828283), 'sift_edgeThreshold': np.float64(13.585858585858587), 'sift_sigma': np.float64(0.5131313131313131), 'min_match_count': 41, 'good_matches_threshold': np.float64(0.803030303030303), 'mask_scale': 1}",68
75,"{'sift_nfeatures': 0, 'sift_nOctaveLayers': 3, 'sift_contrastThreshold': np.float64(0.03212121212121212), 'sift_edgeThreshold': np.float64(6.717171717171717), 'sift_sigma': np.float64(0.5252525252525253), 'min_match_count': 45, 'good_matches_threshold': np.float64(0.8545454545454545), 'mask_scale': 1}",67
75,"{'sift_nfeatures': 0, 'sift_nOctaveLayers': 4, 'sift_contrastThreshold': np.float64(0.021616161616161617), 'sift_edgeThreshold': np.float64(7.3232323232323235), 'sift_sigma': np.float64(0.7515151515151515), 'min_match_count': 50, 'good_matches_threshold': np.float64(0.806060606060606), 'mask_scale': 1}",107
75,"{'sift_nfeatures': 0, 'sift_nOctaveLayers': 3, 'sift_contrastThreshold': np.float64(0.051515151515151514), 'sift_edgeThreshold': np.float64(10.05050505050505), 'sift_sigma': np.float64(0.46060606060606063), 'min_match_count': 44, 'good_matches_threshold': np.float64(0.6666666666666666), 'mask_scale': 1}",105
75,"{'sift_nfeatures': 0, 'sift_nOctaveLayers': 3, 'sift_contrastThreshold': np.float64(0.05232323232323231), 'sift_edgeThreshold': np.float64(14.292929292929292), 'sift_sigma': np.float64(0.6545454545454545), 'min_match_count': 58, 'good_matches_threshold': np.float64(0.696969696969697), 'mask_scale': 1}",56
75,"{'sift_nfeatures': 0, 'sift_nOctaveLayers': 4, 'sift_contrastThreshold': np.float64(0.04303030303030303), 'sift_edgeThreshold': np.float64(11.868686868686869), 'sift_sigma': np.float64(0.7555555555555555), 'min_match_count': 50, 'good_matches_threshold': np.float64(0.6272727272727272), 'mask_scale': 1}",54
75,"{'sift_nfeatures': 0, 'sift_nOctaveLayers': 3, 'sift_contrastThreshold': np.float64(0.028888888888888888), 'sift_edgeThreshold': np.float64(13.88888888888889), 'sift_sigma': np.float64(0.42424242424242425), 'min_match_count': 50, 'good_matches_threshold': np.float64(0.6515151515151515), 'mask_scale': 1}",58
75,"{'sift_nfeatures': 0, 'sift_nOctaveLayers': 4, 'sift_contrastThreshold': np.float64(0.04666666666666666), 'sift_edgeThreshold': np.float64(7.828282828282829), 'sift_sigma': np.float64(0.7393939393939395), 'min_match_count': 57, 'good_matches_threshold': np.float64(0.6696969696969697), 'mask_scale': 1}",310
75,"{'sift_nfeatures': 0, 'sift_nOctaveLayers': 4, 'sift_contrastThreshold': np.float64(0.03333333333333333), 'sift_edgeThreshold': np.float64(8.333333333333334), 'sift_sigma': np.float64(0.7434343434343434), 'min_match_count': 59, 'good_matches_threshold': np.float64(0.6), 'mask_scale': 1}",309
75,"{'sift_nfeatures': 0, 'sift_nOctaveLayers': 4, 'sift_contrastThreshold': np.float64(0.02282828282828283), 'sift_edgeThreshold': np.float64(7.222222222222222), 'sift_sigma': np.float64(0.49292929292929294), 'min_match_count': 51, 'good_matches_threshold': np.float64(0.8393939393939394), 'mask_scale': 1}",308
75,"{'sift_nfeatures': 0, 'sift_nOctaveLayers': 4, 'sift_contrastThreshold': np.float64(0.049494949494949494), 'sift_edgeThreshold': np.float64(9.242424242424242), 'sift_sigma': np.float64(0.7353535353535354), 'min_match_count': 42, 'good_matches_threshold': np.float64(0.6151515151515151), 'mask_scale': 1}",307
75,"{'sift_nfeatures': 0, 'sift_nOctaveLayers': 3, 'sift_contrastThreshold': np.float64(0.021616161616161617), 'sift_edgeThreshold': np.float64(11.565656565656566), 'sift_sigma': np.float64(0.795959595959596), 'min_match_count': 43, 'good_matches_threshold': np.float64(0.8636363636363636), 'mask_scale': 1}",333
75,"{'sift_nfeatures': 0, 'sift_nOctaveLayers': 4, 'sift_contrastThreshold': np.float64(0.02282828282828283), 'sift_edgeThreshold': np.float64(6.313131313131313), 'sift_sigma': np.float64(0.6383838383838384), 'min_match_count': 52, 'good_matches_threshold': np.float64(0.7090909090909091), 'mask_scale': 1}",368
75,"{'sift_nfeatures': 0, 'sift_nOctaveLayers': 3, 'sift_contrastThreshold': np.float64(0.046262626262626255), 'sift_edgeThreshold': np.float64(11.868686868686869), 'sift_sigma': np.float64(0.5696969696969697), 'min_match_count': 51, 'good_matches_threshold': np.float64(0.6636363636363636), 'mask_scale': 1}",347
75,"{'sift_nfeatures': 0, 'sift_nOctaveLayers': 4, 'sift_contrastThreshold': np.float64(0.03818181818181818), 'sift_edgeThreshold': np.float64(10.353535353535353), 'sift_sigma': np.float64(0.698989898989899), 'min_match_count': 57, 'good_matches_threshold': np.float64(0.6818181818181818), 'mask_scale': 1}",74
75,"{'sift_nfeatures': 0, 'sift_nOctaveLayers': 3, 'sift_contrastThreshold': np.float64(0.029696969696969694), 'sift_edgeThreshold': np.float64(11.161616161616163), 'sift_sigma': np.float64(0.4404040404040404), 'min_match_count': 46, 'good_matches_threshold': np.float64(0.7151515151515151), 'mask_scale': 1}",370
75,"{'sift_nfeatures': 0, 'sift_nOctaveLayers': 4, 'sift_contrastThreshold': np.float64(0.036565656565656565), 'sift_edgeThreshold': np.float64(6.111111111111111), 'sift_sigma': np.float64(0.7838383838383838), 'min_match_count': 57, 'good_matches_threshold': np.float64(0.7181818181818181), 'mask_scale': 1}",371
75,"{'sift_nfeatures': 0, 'sift_nOctaveLayers': 4, 'sift_contrastThreshold': np.float64(0.03939393939393939), 'sift_edgeThreshold': np.float64(12.575757575757574), 'sift_sigma': np.float64(0.7030303030303031), 'min_match_count': 40, 'good_matches_threshold': np.float64(0.9), 'mask_scale': 1}",372
75,"{'sift_nfeatures': 0, 'sift_nOctaveLayers': 4, 'sift_contrastThreshold': np.float64(0.03898989898989899), 'sift_edgeThreshold': np.float64(13.484848484848484), 'sift_sigma': np.float64(0.49292929292929294), 'min_match_count': 42, 'good_matches_threshold': np.float64(0.703030303030303), 'mask_scale': 1}",373
75,"{'sift_nfeatures': 0, 'sift_nOctaveLayers': 4, 'sift_contrastThreshold': np.float64(0.022424242424242423), 'sift_edgeThreshold': np.float64(6.313131313131313), 'sift_sigma': np.float64(0.7555555555555555), 'min_match_count': 40, 'good_matches_threshold': np.float64(0.603030303030303), 'mask_scale': 1}",374
75,"{'sift_nfeatures': 0, 'sift_nOctaveLayers': 4, 'sift_contrastThreshold': np.float64(0.040606060606060604), 'sift_edgeThreshold': np.float64(9.646464646464647), 'sift_sigma': np.float64(0.4565656565656566), 'min_match_count': 55, 'good_matches_threshold': np.float64(0.8484848484848485), 'mask_scale': 1}",375
75,"{'sift_nfeatures': 0, 'sift_nOctaveLayers': 4, 'sift_contrastThreshold': np.float64(0.0402020202020202), 'sift_edgeThreshold': np.float64(8.838383838383837), 'sift_sigma': np.float64(0.6262626262626263), 'min_match_count': 54, 'good_matches_threshold': np.float64(0.8787878787878788), 'mask_scale': 1}",7
75,"{'sift_nfeatures': 0, 'sift_nOctaveLayers': 3, 'sift_contrastThreshold': np.float64(0.02484848484848485), 'sift_edgeThreshold': np.float64(7.929292929292929), 'sift_sigma': np.float64(0.4767676767676768), 'min_match_count': 44, 'good_matches_threshold': np.float64(0.9), 'mask_scale': 1}",6
75,"{'sift_nfeatures': 0, 'sift_nOctaveLayers': 3, 'sift_contrastThreshold': np.float64(0.05595959595959596), 'sift_edgeThreshold': np.float64(8.93939393939394), 'sift_sigma': np.float64(0.5656565656565657), 'min_match_count': 48, 'good_matches_threshold': np.float64(0.8575757575757577), 'mask_scale': 1}",376
75,"{'sift_nfeatures': 0, 'sift_nOctaveLayers': 3, 'sift_contrastThreshold': np.float64(0.020404040404040404), 'sift_edgeThreshold': np.float64(9.94949494949495), 'sift_sigma': np.float64(0.4404040404040404), 'min_match_count': 41, 'good_matches_threshold': np.float64(0.8424242424242424), 'mask_scale': 1}",377
75,"{'sift_nfeatures': 0, 'sift_nOctaveLayers': 3, 'sift_contrastThreshold': np.float64(0.049494949494949494), 'sift_edgeThreshold': np.float64(9.141414141414142), 'sift_sigma': np.float64(0.6505050505050505), 'min_match_count': 49, 'good_matches_threshold': np.float64(0.603030303030303), 'mask_scale': 1}",262
75,"{'sift_nfeatures': 0, 'sift_nOctaveLayers': 3, 'sift_contrastThreshold': np.float64(0.05191919191919192), 'sift_edgeThreshold': np.float64(6.414141414141414), 'sift_sigma': np.float64(0.7030303030303031), 'min_match_count': 41, 'good_matches_threshold': np.float64(0.8878787878787879), 'mask_scale': 1}",325
75,"{'sift_nfeatures': 0, 'sift_nOctaveLayers': 4, 'sift_contrastThreshold': np.float64(0.03979797979797979), 'sift_edgeThreshold': np.float64(9.444444444444445), 'sift_sigma': np.float64(0.4161616161616162), 'min_match_count': 53, 'good_matches_threshold': np.float64(0.609090909090909), 'mask_scale': 1}",324
75,"{'sift_nfeatures': 0, 'sift_nOctaveLayers': 4, 'sift_contrastThreshold': np.float64(0.049494949494949494), 'sift_edgeThreshold': np.float64(11.666666666666668), 'sift_sigma': np.float64(0.6343434343434344), 'min_match_count': 49, 'good_matches_threshold': np.float64(0.8393939393939394), 'mask_scale': 1}",323
75,"{'sift_nfeatures': 0, 'sift_nOctaveLayers': 3, 'sift_contrastThreshold': np.float64(0.036565656565656565), 'sift_edgeThreshold': np.float64(8.030303030303031), 'sift_sigma': np.float64(0.4040404040404041), 'min_match_count': 42, 'good_matches_threshold': np.float64(0.8212121212121213), 'mask_scale': 1}",322
75,"{'sift_nfeatures': 0, 'sift_nOctaveLayers': 3, 'sift_contrastThreshold': np.float64(0.020404040404040404), 'sift_edgeThreshold': np.float64(8.737373737373737), 'sift_sigma': np.float64(0.6222222222222222), 'min_match_count': 57, 'good_matches_threshold': np.float64(0.7151515151515151), 'mask_scale': 1}",321
75,"{'sift_nfeatures': 0, 'sift_nOctaveLayers': 4, 'sift_contrastThreshold': np.float64(0.02), 'sift_edgeThreshold': np.float64(7.525252525252525), 'sift_sigma': np.float64(0.5737373737373738), 'min_match_count': 55, 'good_matches_threshold': np.float64(0.8121212121212121), 'mask_scale': 1}",336
75,"{'sift_nfeatures': 0, 'sift_nOctaveLayers': 3, 'sift_contrastThreshold': np.float64(0.057171717171717165), 'sift_edgeThreshold': np.float64(13.585858585858587), 'sift_sigma': np.float64(0.6868686868686869), 'min_match_count': 47, 'good_matches_threshold': np.float64(0.609090909090909), 'mask_scale': 1}",335
75,"{'sift_nfeatures': 0, 'sift_nOctaveLayers': 4, 'sift_contrastThreshold': np.float64(0.0402020202020202), 'sift_edgeThreshold': np.float64(10.858585858585858), 'sift_sigma': np.float64(0.7353535353535354), 'min_match_count': 55, 'good_matches_threshold': np.float64(0.7575757575757576), 'mask_scale': 1}",334
75,"{'sift_nfeatures': 0, 'sift_nOctaveLayers': 4, 'sift_contrastThreshold': np.float64(0.05676767676767676), 'sift_edgeThreshold': np.float64(5.101010101010101), 'sift_sigma': np.float64(0.43232323232323233), 'min_match_count': 51, 'good_matches_threshold': np.float64(0.8636363636363636), 'mask_scale': 1}",312
75,"{'sift_nfeatures': 0, 'sift_nOctaveLayers': 4, 'sift_contrastThreshold': np.float64(0.057171717171717165), 'sift_edgeThreshold': np.float64(6.919191919191919), 'sift_sigma': np.float64(0.7393939393939395), 'min_match_count': 54, 'good_matches_threshold': np.float64(0.8848484848484849), 'mask_scale': 1}",320
75,"{'sift_nfeatures': 0, 'sift_nOctaveLayers': 3, 'sift_contrastThreshold': np.float64(0.05191919191919192), 'sift_edgeThreshold': np.float64(15.0), 'sift_sigma': np.float64(0.6868686868686869), 'min_match_count': 44, 'good_matches_threshold': np.float64(0.8727272727272728), 'mask_scale': 1}",319
75,"{'sift_nfeatures': 0, 'sift_nOctaveLayers': 4, 'sift_contrastThreshold': np.float64(0.05555555555555555), 'sift_edgeThreshold': np.float64(5.606060606060606), 'sift_sigma': np.float64(0.7232323232323232), 'min_match_count': 40, 'good_matches_threshold': np.float64(0.6393939393939394), 'mask_scale': 1}",318
75,"{'sift_nfeatures': 0, 'sift_nOctaveLayers': 4, 'sift_contrastThreshold': np.float64(0.02282828282828283), 'sift_edgeThreshold': np.float64(12.474747474747474), 'sift_sigma': np.float64(0.5737373737373738), 'min_match_count': 44, 'good_matches_threshold': np.float64(0.8787878787878788), 'mask_scale': 1}",317
75,"{'sift_nfeatures': 0, 'sift_nOctaveLayers': 4, 'sift_contrastThreshold': np.float64(0.029292929292929294), 'sift_edgeThreshold': np.float64(11.767676767676768), 'sift_sigma': np.float64(0.46464646464646464), 'min_match_count': 56, 'good_matches_threshold': np.float64(0.8424242424242424), 'mask_scale': 1}",313
75,"{'sift_nfeatures': 0, 'sift_nOctaveLayers': 4, 'sift_contrastThreshold': np.float64(0.05434343434343433), 'sift_edgeThreshold': np.float64(14.191919191919192), 'sift_sigma': np.float64(0.4444444444444445), 'min_match_count': 53, 'good_matches_threshold': np.float64(0.7090909090909091), 'mask_scale': 1}",328
75,"{'sift_nfeatures': 0, 'sift_nOctaveLayers': 3, 'sift_contrastThreshold': np.float64(0.043838383838383836), 'sift_edgeThreshold': np.float64(15.0), 'sift_sigma': np.float64(0.7030303030303031), 'min_match_count': 48, 'good_matches_threshold': np.float64(0.6303030303030303), 'mask_scale': 1}",326
75,"{'sift_nfeatures': 0, 'sift_nOctaveLayers': 3, 'sift_contrastThreshold': np.float64(0.03535353535353535), 'sift_edgeThreshold': np.float64(8.333333333333334), 'sift_sigma': np.float64(0.7232323232323232), 'min_match_count': 42, 'good_matches_threshold': np.float64(0.6060606060606061), 'mask_scale': 1}",379
75,"{'sift_nfeatures': 0, 'sift_nOctaveLayers': 4, 'sift_contrastThreshold': np.float64(0.028484848484848484), 'sift_edgeThreshold': np.float64(10.05050505050505), 'sift_sigma': np.float64(0.5494949494949495), 'min_match_count': 51, 'good_matches_threshold': np.float64(0.6757575757575758), 'mask_scale': 1}",73
75,"{'sift_nfeatures': 0, 'sift_nOctaveLayers': 3, 'sift_contrastThreshold': np.float64(0.03373737373737373), 'sift_edgeThreshold': np.float64(12.575757575757574), 'sift_sigma': np.float64(0.7313131313131314), 'min_match_count': 57, 'good_matches_threshold': np.float64(0.8727272727272728), 'mask_scale': 1}",306
75,"{'sift_nfeatures': 0, 'sift_nOctaveLayers': 4, 'sift_contrastThreshold': np.float64(0.048282828282828275), 'sift_edgeThreshold': np.float64(12.97979797979798), 'sift_sigma': np.float64(0.5696969696969697), 'min_match_count': 41, 'good_matches_threshold': np.float64(0.6242424242424243), 'mask_scale': 1}",120
75,"{'sift_nfeatures': 0, 'sift_nOctaveLayers': 4, 'sift_contrastThreshold': np.float64(0.049898989898989894), 'sift_edgeThreshold': np.float64(12.373737373737374), 'sift_sigma': np.float64(0.4686868686868687), 'min_match_count': 59, 'good_matches_threshold': np.float64(0.6818181818181818), 'mask_scale': 1}",119
75,"{'sift_nfeatures': 0, 'sift_nOctaveLayers': 4, 'sift_contrastThreshold': np.float64(0.05393939393939394), 'sift_edgeThreshold': np.float64(11.262626262626263), 'sift_sigma': np.float64(0.7676767676767677), 'min_match_count': 53, 'good_matches_threshold': np.float64(0.7606060606060606), 'mask_scale': 1}",118
75,"{'sift_nfeatures': 0, 'sift_nOctaveLayers': 4, 'sift_contrastThreshold': np.float64(0.05878787878787878), 'sift_edgeThreshold': np.float64(5.707070707070707), 'sift_sigma': np.float64(0.7232323232323232), 'min_match_count': 54, 'good_matches_threshold': np.float64(0.6454545454545454), 'mask_scale': 1}",117
75,"{'sift_nfeatures': 0, 'sift_nOctaveLayers': 3, 'sift_contrastThreshold': np.float64(0.03212121212121212), 'sift_edgeThreshold': np.float64(8.535353535353536), 'sift_sigma': np.float64(0.5898989898989899), 'min_match_count': 54, 'good_matches_threshold': np.float64(0.8212121212121213), 'mask_scale': 1}",116
75,"{'sift_nfeatures': 0, 'sift_nOctaveLayers': 4, 'sift_contrastThreshold': np.float64(0.056363636363636366), 'sift_edgeThreshold': np.float64(14.8989898989899), 'sift_sigma': np.float64(0.7111111111111111), 'min_match_count': 45, 'good_matches_threshold': np.float64(0.803030303030303), 'mask_scale': 1}",115
75,"{'sift_nfeatures': 0, 'sift_nOctaveLayers': 4, 'sift_contrastThreshold': np.float64(0.058383838383838385), 'sift_edgeThreshold': np.float64(13.383838383838384), 'sift_sigma': np.float64(0.4727272727272728), 'min_match_count': 49, 'good_matches_threshold': np.float64(0.6363636363636364), 'mask_scale': 1}",114
75,"{'sift_nfeatures': 0, 'sift_nOctaveLayers': 3, 'sift_contrastThreshold': np.float64(0.03696969696969697), 'sift_edgeThreshold': np.float64(12.676767676767676), 'sift_sigma': np.float64(0.5252525252525253), 'min_match_count': 51, 'good_matches_threshold': np.float64(0.6878787878787879), 'mask_scale': 1}",162
75,"{'sift_nfeatures': 0, 'sift_nOctaveLayers': 4, 'sift_contrastThreshold': np.float64(0.043838383838383836), 'sift_edgeThreshold': np.float64(9.444444444444445), 'sift_sigma': np.float64(0.6222222222222222), 'min_match_count': 44, 'good_matches_threshold': np.float64(0.6909090909090909), 'mask_scale': 1}",65
75,"{'sift_nfeatures': 0, 'sift_nOctaveLayers': 4, 'sift_contrastThreshold': np.float64(0.020808080808080807), 'sift_edgeThreshold': np.float64(14.797979797979798), 'sift_sigma': np.float64(0.4808080808080808), 'min_match_count': 41, 'good_matches_threshold': np.float64(0.8090909090909091), 'mask_scale': 1}",175
75,"{'sift_nfeatures': 0, 'sift_nOctaveLayers': 4, 'sift_contrastThreshold': np.float64(0.020808080808080807), 'sift_edgeThreshold': np.float64(7.828282828282829), 'sift_sigma': np.float64(0.5252525252525253), 'min_match_count': 44, 'good_matches_threshold': np.float64(0.6696969696969697), 'mask_scale': 1}",173
75,"{'sift_nfeatures': 0, 'sift_nOctaveLayers': 3, 'sift_contrastThreshold': np.float64(0.029292929292929294), 'sift_edgeThreshold': np.float64(13.383838383838384), 'sift_sigma': np.float64(0.5212121212121212), 'min_match_count': 55, 'good_matches_threshold': np.float64(0.8878787878787879), 'mask_scale': 1}",172
75,"{'sift_nfeatures': 0, 'sift_nOctaveLayers': 3, 'sift_contrastThreshold': np.float64(0.0402020202020202), 'sift_edgeThreshold': np.float64(11.06060606060606), 'sift_sigma': np.float64(0.593939393939394), 'min_match_count': 53, 'good_matches_threshold': np.float64(0.7212121212121212), 'mask_scale': 1}",171
75,"{'sift_nfeatures': 0, 'sift_nOctaveLayers': 4, 'sift_contrastThreshold': np.float64(0.047878787878787875), 'sift_edgeThreshold': np.float64(6.919191919191919), 'sift_sigma': np.float64(0.5050505050505051), 'min_match_count': 44, 'good_matches_threshold': np.float64(0.8333333333333334), 'mask_scale': 1}",170
75,"{'sift_nfeatures': 0, 'sift_nOctaveLayers': 3, 'sift_contrastThreshold': np.float64(0.025252525252525252), 'sift_edgeThreshold': np.float64(13.98989898989899), 'sift_sigma': np.float64(0.6666666666666667), 'min_match_count': 55, 'good_matches_threshold': np.float64(0.6), 'mask_scale': 1}",154
75,"{'sift_nfeatures': 0, 'sift_nOctaveLayers': 3, 'sift_contrastThreshold': np.float64(0.03818181818181818), 'sift_edgeThreshold': np.float64(6.818181818181818), 'sift_sigma': np.float64(0.7676767676767677), 'min_match_count': 46, 'good_matches_threshold': np.float64(0.8696969696969696), 'mask_scale': 1}",153
75,"{'sift_nfeatures': 0, 'sift_nOctaveLayers': 3, 'sift_contrastThreshold': np.float64(0.04909090909090909), 'sift_edgeThreshold': np.float64(9.646464646464647), 'sift_sigma': np.float64(0.4565656565656566), 'min_match_count': 41, 'good_matches_threshold': np.float64(0.6787878787878787), 'mask_scale': 1}",168
75,"{'sift_nfeatures': 0, 'sift_nOctaveLayers': 3, 'sift_contrastThreshold': np.float64(0.028484848484848484), 'sift_edgeThreshold': np.float64(10.05050505050505), 'sift_sigma': np.float64(0.7676767676767677), 'min_match_count': 43, 'good_matches_threshold': np.float64(0.8303030303030303), 'mask_scale': 1}",161
75,"{'sift_nfeatures': 0, 'sift_nOctaveLayers': 4, 'sift_contrastThreshold': np.float64(0.0503030303030303), 'sift_edgeThreshold': np.float64(9.444444444444445), 'sift_sigma': np.float64(0.5252525252525253), 'min_match_count': 48, 'good_matches_threshold': np.float64(0.703030303030303), 'mask_scale': 1}",195
75,"{'sift_nfeatures': 0, 'sift_nOctaveLayers': 4, 'sift_contrastThreshold': np.float64(0.022424242424242423), 'sift_edgeThreshold': np.float64(12.171717171717171), 'sift_sigma': np.float64(0.795959595959596), 'min_match_count': 51, 'good_matches_threshold': np.float64(0.8393939393939394), 'mask_scale': 1}",378
75,"{'sift_nfeatures': 0, 'sift_nOctaveLayers': 4, 'sift_contrastThreshold': np.float64(0.05757575757575757), 'sift_edgeThreshold': np.float64(5.0), 'sift_sigma': np.float64(0.6828282828282828), 'min_match_count': 56, 'good_matches_threshold': np.float64(0.6515151515151515), 'mask_scale': 1}",179
75,"{'sift_nfeatures': 0, 'sift_nOctaveLayers': 3, 'sift_contrastThreshold': np.float64(0.03575757575757575), 'sift_edgeThreshold': np.float64(5.707070707070707), 'sift_sigma': np.float64(0.4767676767676768), 'min_match_count': 58, 'good_matches_threshold': np.float64(0.8454545454545455), 'mask_scale': 1}",178
75,"{'sift_nfeatures': 0, 'sift_nOctaveLayers': 3, 'sift_contrastThreshold': np.float64(0.05878787878787878), 'sift_edgeThreshold': np.float64(8.93939393939394), 'sift_sigma': np.float64(0.7757575757575758), 'min_match_count': 42, 'good_matches_threshold': np.float64(0.8515151515151516), 'mask_scale': 1}",177
75,"{'sift_nfeatures': 0, 'sift_nOctaveLayers': 3, 'sift_contrastThreshold': np.float64(0.047474747474747475), 'sift_edgeThreshold': np.float64(14.09090909090909), 'sift_sigma': np.float64(0.5535353535353535), 'min_match_count': 53, 'good_matches_threshold': np.float64(0.7242424242424242), 'mask_scale': 1}",192
75,"{'sift_nfeatures': 0, 'sift_nOctaveLayers': 3, 'sift_contrastThreshold': np.float64(0.056363636363636366), 'sift_edgeThreshold': np.float64(6.616161616161616), 'sift_sigma': np.float64(0.45252525252525255), 'min_match_count': 54, 'good_matches_threshold': np.float64(0.6121212121212121), 'mask_scale': 1}",190
75,"{'sift_nfeatures': 0, 'sift_nOctaveLayers': 4, 'sift_contrastThreshold': np.float64(0.036565656565656565), 'sift_edgeThreshold': np.float64(12.878787878787879), 'sift_sigma': np.float64(0.7636363636363637), 'min_match_count': 57, 'good_matches_threshold': np.float64(0.6515151515151515), 'mask_scale': 1}",189
75,"{'sift_nfeatures': 0, 'sift_nOctaveLayers': 4, 'sift_contrastThreshold': np.float64(0.05676767676767676), 'sift_edgeThreshold': np.float64(12.070707070707071), 'sift_sigma': np.float64(0.5373737373737374), 'min_match_count': 59, 'good_matches_threshold': np.float64(0.893939393939394), 'mask_scale': 1}",169
75,"{'sift_nfeatures': 0, 'sift_nOctaveLayers': 4, 'sift_contrastThreshold': np.float64(0.03575757575757575), 'sift_edgeThreshold': np.float64(10.959595959595958), 'sift_sigma': np.float64(0.7313131313131314), 'min_match_count': 46, 'good_matches_threshold': np.float64(0.6636363636363636), 'mask_scale': 1}",187
75,"{'sift_nfeatures': 0, 'sift_nOctaveLayers': 4, 'sift_contrastThreshold': np.float64(0.03696969696969697), 'sift_edgeThreshold': np.float64(14.797979797979798), 'sift_sigma': np.float64(0.7393939393939395), 'min_match_count': 40, 'good_matches_threshold': np.float64(0.8515151515151516), 'mask_scale': 1}",113
75,"{'sift_nfeatures': 0, 'sift_nOctaveLayers': 3, 'sift_contrastThreshold': np.float64(0.03898989898989899), 'sift_edgeThreshold': np.float64(13.686868686868687), 'sift_sigma': np.float64(0.6060606060606061), 'min_match_count': 45, 'good_matches_threshold': np.float64(0.6787878787878787), 'mask_scale': 1}",128
75,"{'sift_nfeatures': 0, 'sift_nOctaveLayers': 4, 'sift_contrastThreshold': np.float64(0.03333333333333333), 'sift_edgeThreshold': np.float64(13.98989898989899), 'sift_sigma': np.float64(0.698989898989899), 'min_match_count': 54, 'good_matches_threshold': np.float64(0.6303030303030303), 'mask_scale': 1}",126
75,"{'sift_nfeatures': 0, 'sift_nOctaveLayers': 3, 'sift_contrastThreshold': np.float64(0.036565656565656565), 'sift_edgeThreshold': np.float64(12.272727272727273), 'sift_sigma': np.float64(0.7111111111111111), 'min_match_count': 46, 'good_matches_threshold': np.float64(0.6545454545454545), 'mask_scale': 1}",125
75,"{'sift_nfeatures': 0, 'sift_nOctaveLayers': 3, 'sift_contrastThreshold': np.float64(0.025656565656565655), 'sift_edgeThreshold': np.float64(12.070707070707071), 'sift_sigma': np.float64(0.5454545454545454), 'min_match_count': 55, 'good_matches_threshold': np.float64(0.8727272727272728), 'mask_scale': 1}",124
75,"{'sift_nfeatures': 0, 'sift_nOctaveLayers': 4, 'sift_contrastThreshold': np.float64(0.03898989898989899), 'sift_edgeThreshold': np.float64(9.242424242424242), 'sift_sigma': np.float64(0.5494949494949495), 'min_match_count': 41, 'good_matches_threshold': np.float64(0.6060606060606061), 'mask_scale': 1}",123
75,"{'sift_nfeatures': 0, 'sift_nOctaveLayers': 3, 'sift_contrastThreshold': np.float64(0.03777777777777777), 'sift_edgeThreshold': np.float64(7.121212121212121), 'sift_sigma': np.float64(0.5292929292929294), 'min_match_count': 54, 'good_matches_threshold': np.float64(0.6818181818181818), 'mask_scale': 1}",122
75,"{'sift_nfeatures': 0, 'sift_nOctaveLayers': 3, 'sift_contrastThreshold': np.float64(0.059191919191919184), 'sift_edgeThreshold': np.float64(5.606060606060606), 'sift_sigma': np.float64(0.6343434343434344), 'min_match_count': 45, 'good_matches_threshold': np.float64(0.6787878787878787), 'mask_scale': 1}",121
75,"{'sift_nfeatures': 0, 'sift_nOctaveLayers': 3, 'sift_contrastThreshold': np.float64(0.0503030303030303), 'sift_edgeThreshold': np.float64(14.292929292929292), 'sift_sigma': np.float64(0.5656565656565657), 'min_match_count': 55, 'good_matches_threshold': np.float64(0.8909090909090909), 'mask_scale': 1}",188
75,"{'sift_nfeatures': 0, 'sift_nOctaveLayers': 4, 'sift_contrastThreshold': np.float64(0.03535353535353535), 'sift_edgeThreshold': np.float64(11.262626262626263), 'sift_sigma': np.float64(0.4363636363636364), 'min_match_count': 42, 'good_matches_threshold': np.float64(0.7606060606060606), 'mask_scale': 1}",92
75,"{'sift_nfeatures': 0, 'sift_nOctaveLayers': 3, 'sift_contrastThreshold': np.float64(0.045858585858585856), 'sift_edgeThreshold': np.float64(12.777777777777779), 'sift_sigma': np.float64(0.4767676767676768), 'min_match_count': 46, 'good_matches_threshold': np.float64(0.8575757575757577), 'mask_scale': 1}",142
75,"{'sift_nfeatures': 0, 'sift_nOctaveLayers': 4, 'sift_contrastThreshold': np.float64(0.043434343434343436), 'sift_edgeThreshold': np.float64(14.494949494949495), 'sift_sigma': np.float64(0.48888888888888893), 'min_match_count': 54, 'good_matches_threshold': np.float64(0.693939393939394), 'mask_scale': 1}",141
75,"{'sift_nfeatures': 0, 'sift_nOctaveLayers': 3, 'sift_contrastThreshold': np.float64(0.045858585858585856), 'sift_edgeThreshold': np.float64(8.030303030303031), 'sift_sigma': np.float64(0.4727272727272728), 'min_match_count': 49, 'good_matches_threshold': np.float64(0.6606060606060606), 'mask_scale': 1}",140
75,"{'sift_nfeatures': 0, 'sift_nOctaveLayers': 4, 'sift_contrastThreshold': np.float64(0.034949494949494946), 'sift_edgeThreshold': np.float64(13.383838383838384), 'sift_sigma': np.float64(0.6828282828282828), 'min_match_count': 49, 'good_matches_threshold': np.float64(0.8424242424242424), 'mask_scale': 1}",137
75,"{'sift_nfeatures': 0, 'sift_nOctaveLayers': 4, 'sift_contrastThreshold': np.float64(0.06), 'sift_edgeThreshold': np.float64(13.98989898989899), 'sift_sigma': np.float64(0.6222222222222222), 'min_match_count': 46, 'good_matches_threshold': np.float64(0.7575757575757576), 'mask_scale': 1}",87
75,"{'sift_nfeatures': 0, 'sift_nOctaveLayers': 3, 'sift_contrastThreshold': np.float64(0.049494949494949494), 'sift_edgeThreshold': np.float64(9.141414141414142), 'sift_sigma': np.float64(0.6868686868686869), 'min_match_count': 57, 'good_matches_threshold': np.float64(0.8878787878787879), 'mask_scale': 1}",86
75,"{'sift_nfeatures': 0, 'sift_nOctaveLayers': 4, 'sift_contrastThreshold': np.float64(0.023232323232323233), 'sift_edgeThreshold': np.float64(9.848484848484848), 'sift_sigma': np.float64(0.6343434343434344), 'min_match_count': 58, 'good_matches_threshold': np.float64(0.6333333333333333), 'mask_scale': 1}",85
75,"{'sift_nfeatures': 0, 'sift_nOctaveLayers': 3, 'sift_contrastThreshold': np.float64(0.03696969696969697), 'sift_edgeThreshold': np.float64(5.909090909090909), 'sift_sigma': np.float64(0.7474747474747475), 'min_match_count': 46, 'good_matches_threshold': np.float64(0.8333333333333334), 'mask_scale': 1}",167
75,"{'sift_nfeatures': 0, 'sift_nOctaveLayers': 3, 'sift_contrastThreshold': np.float64(0.032929292929292926), 'sift_edgeThreshold': np.float64(12.070707070707071), 'sift_sigma': np.float64(0.41212121212121217), 'min_match_count': 49, 'good_matches_threshold': np.float64(0.8242424242424242), 'mask_scale': 1}",136
75,"{'sift_nfeatures': 0, 'sift_nOctaveLayers': 4, 'sift_contrastThreshold': np.float64(0.057171717171717165), 'sift_edgeThreshold': np.float64(12.272727272727273), 'sift_sigma': np.float64(0.5575757575757576), 'min_match_count': 43, 'good_matches_threshold': np.float64(0.8787878787878788), 'mask_scale': 1}",135
75,"{'sift_nfeatures': 0, 'sift_nOctaveLayers': 4, 'sift_contrastThreshold': np.float64(0.051515151515151514), 'sift_edgeThreshold': np.float64(8.93939393939394), 'sift_sigma': np.float64(0.7838383838383838), 'min_match_count': 47, 'good_matches_threshold': np.float64(0.7272727272727273), 'mask_scale': 1}",134
75,"{'sift_nfeatures': 0, 'sift_nOctaveLayers': 4, 'sift_contrastThreshold': np.float64(0.04505050505050505), 'sift_edgeThreshold': np.float64(9.545454545454545), 'sift_sigma': np.float64(0.7515151515151515), 'min_match_count': 48, 'good_matches_threshold': np.float64(0.7090909090909091), 'mask_scale': 1}",132
75,"{'sift_nfeatures': 0, 'sift_nOctaveLayers': 4, 'sift_contrastThreshold': np.float64(0.034545454545454546), 'sift_edgeThreshold': np.float64(10.353535353535353), 'sift_sigma': np.float64(0.6828282828282828), 'min_match_count': 45, 'good_matches_threshold': np.float64(0.603030303030303), 'mask_scale': 1}",130
75,"{'sift_nfeatures': 0, 'sift_nOctaveLayers': 4, 'sift_contrastThreshold': np.float64(0.05757575757575757), 'sift_edgeThreshold': np.float64(10.151515151515152), 'sift_sigma': np.float64(0.6303030303030304), 'min_match_count': 49, 'good_matches_threshold': np.float64(0.603030303030303), 'mask_scale': 1}",129
75,"{'sift_nfeatures': 0, 'sift_nOctaveLayers': 3, 'sift_contrastThreshold': np.float64(0.057171717171717165), 'sift_edgeThreshold': np.float64(6.515151515151516), 'sift_sigma': np.float64(0.4282828282828283), 'min_match_count': 52, 'good_matches_threshold': np.float64(0.8818181818181818), 'mask_scale': 1}",144
75,"{'sift_nfeatures': 0, 'sift_nOctaveLayers': 4, 'sift_contrastThreshold': np.float64(0.04666666666666666), 'sift_edgeThreshold': np.float64(11.06060606060606), 'sift_sigma': np.float64(0.5979797979797981), 'min_match_count': 49, 'good_matches_threshold': np.float64(0.6181818181818182), 'mask_scale': 1}",143
75,"{'sift_nfeatures': 0, 'sift_nOctaveLayers': 4, 'sift_contrastThreshold': np.float64(0.05797979797979798), 'sift_edgeThreshold': np.float64(11.06060606060606), 'sift_sigma': np.float64(0.795959595959596), 'min_match_count': 40, 'good_matches_threshold': np.float64(0.6787878787878787), 'mask_scale': 1}",66
75,"{'sift_nfeatures': 0, 'sift_nOctaveLayers': 3, 'sift_contrastThreshold': np.float64(0.055151515151515146), 'sift_edgeThreshold': np.float64(5.404040404040404), 'sift_sigma': np.float64(0.5737373737373738), 'min_match_count': 52, 'good_matches_threshold': np.float64(0.8636363636363636), 'mask_scale': 1}",84
75,"{'sift_nfeatures': 0, 'sift_nOctaveLayers': 4, 'sift_contrastThreshold': np.float64(0.029292929292929294), 'sift_edgeThreshold': np.float64(8.737373737373737), 'sift_sigma': np.float64(0.698989898989899), 'min_match_count': 55, 'good_matches_threshold': np.float64(0.6121212121212121), 'mask_scale': 1}",166
75,"{'sift_nfeatures': 0, 'sift_nOctaveLayers': 4, 'sift_contrastThreshold': np.float64(0.05676767676767676), 'sift_edgeThreshold': np.float64(8.030303030303031), 'sift_sigma': np.float64(0.5858585858585859), 'min_match_count': 52, 'good_matches_threshold': np.float64(0.8515151515151516), 'mask_scale': 1}",165
75,"{'sift_nfeatures': 0, 'sift_nOctaveLayers': 3, 'sift_contrastThreshold': np.float64(0.05191919191919192), 'sift_edgeThreshold': np.float64(10.555555555555555), 'sift_sigma': np.float64(0.5898989898989899), 'min_match_count': 51, 'good_matches_threshold': np.float64(0.6363636363636364), 'mask_scale': 1}",164
75,"{'sift_nfeatures': 0, 'sift_nOctaveLayers': 4, 'sift_contrastThreshold': np.float64(0.03616161616161616), 'sift_edgeThreshold': np.float64(8.535353535353536), 'sift_sigma': np.float64(0.48484848484848486), 'min_match_count': 54, 'good_matches_threshold': np.float64(0.6666666666666666), 'mask_scale': 1}",163
75,"{'sift_nfeatures': 0, 'sift_nOctaveLayers': 3, 'sift_contrastThreshold': np.float64(0.02404040404040404), 'sift_edgeThreshold': np.float64(14.494949494949495), 'sift_sigma': np.float64(0.7595959595959596), 'min_match_count': 43, 'good_matches_threshold': np.float64(0.8393939393939394), 'mask_scale': 1}",91
75,"{'sift_nfeatures': 0, 'sift_nOctaveLayers': 4, 'sift_contrastThreshold': np.float64(0.045858585858585856), 'sift_edgeThreshold': np.float64(7.727272727272727), 'sift_sigma': np.float64(0.5252525252525253), 'min_match_count': 43, 'good_matches_threshold': np.float64(0.6393939393939394), 'mask_scale': 1}",90
75,"{'sift_nfeatures': 0, 'sift_nOctaveLayers': 3, 'sift_contrastThreshold': np.float64(0.0301010101010101), 'sift_edgeThreshold': np.float64(7.222222222222222), 'sift_sigma': np.float64(0.496969696969697), 'min_match_count': 46, 'good_matches_threshold': np.float64(0.8878787878787879), 'mask_scale': 1}",89
75,"{'sift_nfeatures': 0, 'sift_nOctaveLayers': 3, 'sift_contrastThreshold': np.float64(0.05191919191919192), 'sift_edgeThreshold': np.float64(8.131313131313131), 'sift_sigma': np.float64(0.41212121212121217), 'min_match_count': 59, 'good_matches_threshold': np.float64(0.6666666666666666), 'mask_scale': 1}",104
75,"{'sift_nfeatures': 0, 'sift_nOctaveLayers': 4, 'sift_contrastThreshold': np.float64(0.047474747474747475), 'sift_edgeThreshold': np.float64(7.727272727272727), 'sift_sigma': np.float64(0.5171717171717172), 'min_match_count': 48, 'good_matches_threshold': np.float64(0.8727272727272728), 'mask_scale': 1}",93
75,"{'sift_nfeatures': 0, 'sift_nOctaveLayers': 3, 'sift_contrastThreshold': np.float64(0.05555555555555555), 'sift_edgeThreshold': np.float64(7.222222222222222), 'sift_sigma': np.float64(0.7757575757575758), 'min_match_count': 54, 'good_matches_threshold': np.float64(0.6), 'mask_scale': 1}",102
75,"{'sift_nfeatures': 0, 'sift_nOctaveLayers': 3, 'sift_contrastThreshold': np.float64(0.030505050505050504), 'sift_edgeThreshold': np.float64(12.777777777777779), 'sift_sigma': np.float64(0.501010101010101), 'min_match_count': 51, 'good_matches_threshold': np.float64(0.6393939393939394), 'mask_scale': 1}",101
75,"{'sift_nfeatures': 0, 'sift_nOctaveLayers': 3, 'sift_contrastThreshold': np.float64(0.021212121212121213), 'sift_edgeThreshold': np.float64(13.383838383838384), 'sift_sigma': np.float64(0.5454545454545454), 'min_match_count': 42, 'good_matches_threshold': np.float64(0.8393939393939394), 'mask_scale': 1}",100
75,"{'sift_nfeatures': 0, 'sift_nOctaveLayers': 3, 'sift_contrastThreshold': np.float64(0.03939393939393939), 'sift_edgeThreshold': np.float64(12.070707070707071), 'sift_sigma': np.float64(0.7595959595959596), 'min_match_count': 40, 'good_matches_threshold': np.float64(0.6151515151515151), 'mask_scale': 1}",83
75,"{'sift_nfeatures': 0, 'sift_nOctaveLayers': 3, 'sift_contrastThreshold': np.float64(0.028484848484848484), 'sift_edgeThreshold': np.float64(10.05050505050505), 'sift_sigma': np.float64(0.5333333333333333), 'min_match_count': 43, 'good_matches_threshold': np.float64(0.893939393939394), 'mask_scale': 1}",82
75,"{'sift_nfeatures': 0, 'sift_nOctaveLayers': 3, 'sift_contrastThreshold': np.float64(0.049898989898989894), 'sift_edgeThreshold': np.float64(11.363636363636363), 'sift_sigma': np.float64(0.5535353535353535), 'min_match_count': 43, 'good_matches_threshold': np.float64(0.7151515151515151), 'mask_scale': 1}",81
75,"{'sift_nfeatures': 0, 'sift_nOctaveLayers': 3, 'sift_contrastThreshold': np.float64(0.04262626262626262), 'sift_edgeThreshold': np.float64(8.434343434343434), 'sift_sigma': np.float64(0.7515151515151515), 'min_match_count': 49, 'good_matches_threshold': np.float64(0.6484848484848484), 'mask_scale': 1}",96
75,"{'sift_nfeatures': 0, 'sift_nOctaveLayers': 4, 'sift_contrastThreshold': np.float64(0.057171717171717165), 'sift_edgeThreshold': np.float64(8.737373737373737), 'sift_sigma': np.float64(0.7878787878787878), 'min_match_count': 45, 'good_matches_threshold': np.float64(0.7333333333333334), 'mask_scale': 1}",95
75,"{'sift_nfeatures': 0, 'sift_nOctaveLayers': 3, 'sift_contrastThreshold': np.float64(0.05878787878787878), 'sift_edgeThreshold': np.float64(11.666666666666668), 'sift_sigma': np.float64(0.5494949494949495), 'min_match_count': 56, 'good_matches_threshold': np.float64(0.9), 'mask_scale': 1}",94
75,"{'sift_nfeatures': 0, 'sift_nOctaveLayers': 3, 'sift_contrastThreshold': np.float64(0.05191919191919192), 'sift_edgeThreshold': np.float64(8.737373737373737), 'sift_sigma': np.float64(0.694949494949495), 'min_match_count': 44, 'good_matches_threshold': np.float64(0.8242424242424242), 'mask_scale': 1}",103
50,"{'sift_nfeatures': 0, 'sift_nOctaveLayers': 4, 'sift_contrastThreshold': np.float64(0.048282828282828275), 'sift_edgeThreshold': np.float64(9.545454545454545), 'sift_sigma': np.float64(0.41212121212121217), 'min_match_count': 50, 'good_matches_threshold': np.float64(0.8484848484848485), 'mask_scale': 1}",20
50,"{'sift_nfeatures': 0, 'sift_nOctaveLayers': 3, 'sift_contrastThreshold': np.float64(0.045858585858585856), 'sift_edgeThreshold': np.float64(10.05050505050505), 'sift_sigma': np.float64(0.5777777777777778), 'min_match_count': 55, 'good_matches_threshold': np.float64(0.8151515151515152), 'mask_scale': 1}",28
50,"{'sift_nfeatures': 0, 'sift_nOctaveLayers': 3, 'sift_contrastThreshold': np.float64(0.048282828282828275), 'sift_edgeThreshold': np.float64(12.474747474747474), 'sift_sigma': np.float64(0.7636363636363637), 'min_match_count': 43, 'good_matches_threshold': np.float64(0.7787878787878788), 'mask_scale': 1}",21
50,"{'sift_nfeatures': 0, 'sift_nOctaveLayers': 4, 'sift_contrastThreshold': np.float64(0.048282828282828275), 'sift_edgeThreshold': np.float64(10.454545454545453), 'sift_sigma': np.float64(0.6222222222222222), 'min_match_count': 45, 'good_matches_threshold': np.float64(0.793939393939394), 'mask_scale': 1}",22
50,"{'sift_nfeatures': 0, 'sift_nOctaveLayers': 3, 'sift_contrastThreshold': np.float64(0.030505050505050504), 'sift_edgeThreshold': np.float64(9.242424242424242), 'sift_sigma': np.float64(0.4767676767676768), 'min_match_count': 46, 'good_matches_threshold': np.float64(0.7848484848484849), 'mask_scale': 1}",26
50,"{'sift_nfeatures': 0, 'sift_nOctaveLayers': 3, 'sift_contrastThreshold': np.float64(0.03212121212121212), 'sift_edgeThreshold': np.float64(6.414141414141414), 'sift_sigma': np.float64(0.5292929292929294), 'min_match_count': 54, 'good_matches_threshold': np.float64(0.8), 'mask_scale': 1}",41
50,"{'sift_nfeatures': 0, 'sift_nOctaveLayers': 4, 'sift_contrastThreshold': np.float64(0.029292929292929294), 'sift_edgeThreshold': np.float64(6.818181818181818), 'sift_sigma': np.float64(0.41212121212121217), 'min_match_count': 56, 'good_matches_threshold': np.float64(0.8636363636363636), 'mask_scale': 1}",27
50,"{'sift_nfeatures': 0, 'sift_nOctaveLayers': 4, 'sift_contrastThreshold': np.float64(0.05272727272727272), 'sift_edgeThreshold': np.float64(14.191919191919192), 'sift_sigma': np.float64(0.5737373737373738), 'min_match_count': 42, 'good_matches_threshold': np.float64(0.803030303030303), 'mask_scale': 1}",36
50,"{'sift_nfeatures': 0, 'sift_nOctaveLayers': 4, 'sift_contrastThreshold': np.float64(0.04262626262626262), 'sift_edgeThreshold': np.float64(5.707070707070707), 'sift_sigma': np.float64(0.4), 'min_match_count': 57, 'good_matches_threshold': np.float64(0.8545454545454545), 'mask_scale': 1}",286
50,"{'sift_nfeatures': 0, 'sift_nOctaveLayers': 4, 'sift_contrastThreshold': np.float64(0.020404040404040404), 'sift_edgeThreshold': np.float64(8.434343434343434), 'sift_sigma': np.float64(0.795959595959596), 'min_match_count': 52, 'good_matches_threshold': np.float64(0.7636363636363637), 'mask_scale': 1}",254
50,"{'sift_nfeatures': 0, 'sift_nOctaveLayers': 4, 'sift_contrastThreshold': np.float64(0.026060606060606062), 'sift_edgeThreshold': np.float64(7.929292929292929), 'sift_sigma': np.float64(0.6545454545454545), 'min_match_count': 59, 'good_matches_threshold': np.float64(0.7666666666666666), 'mask_scale': 1}",243
50,"{'sift_nfeatures': 0, 'sift_nOctaveLayers': 3, 'sift_contrastThreshold': np.float64(0.047474747474747475), 'sift_edgeThreshold': np.float64(7.727272727272727), 'sift_sigma': np.float64(0.5131313131313131), 'min_match_count': 43, 'good_matches_threshold': np.float64(0.7757575757575758), 'mask_scale': 1}",358
50,"{'sift_nfeatures': 0, 'sift_nOctaveLayers': 3, 'sift_contrastThreshold': np.float64(0.03333333333333333), 'sift_edgeThreshold': np.float64(13.080808080808081), 'sift_sigma': np.float64(0.49292929292929294), 'min_match_count': 47, 'good_matches_threshold': np.float64(0.7606060606060606), 'mask_scale': 1}",359
50,"{'sift_nfeatures': 0, 'sift_nOctaveLayers': 4, 'sift_contrastThreshold': np.float64(0.06), 'sift_edgeThreshold': np.float64(13.88888888888889), 'sift_sigma': np.float64(0.6464646464646465), 'min_match_count': 43, 'good_matches_threshold': np.float64(0.7757575757575758), 'mask_scale': 1}",355
50,"{'sift_nfeatures': 0, 'sift_nOctaveLayers': 4, 'sift_contrastThreshold': np.float64(0.040606060606060604), 'sift_edgeThreshold': np.float64(12.575757575757574), 'sift_sigma': np.float64(0.7757575757575758), 'min_match_count': 56, 'good_matches_threshold': np.float64(0.7696969696969698), 'mask_scale': 1}",352
50,"{'sift_nfeatures': 0, 'sift_nOctaveLayers': 4, 'sift_contrastThreshold': np.float64(0.05272727272727272), 'sift_edgeThreshold': np.float64(8.131313131313131), 'sift_sigma': np.float64(0.41212121212121217), 'min_match_count': 50, 'good_matches_threshold': np.float64(0.8333333333333334), 'mask_scale': 1}",351
50,"{'sift_nfeatures': 0, 'sift_nOctaveLayers': 3, 'sift_contrastThreshold': np.float64(0.05232323232323231), 'sift_edgeThreshold': np.float64(6.313131313131313), 'sift_sigma': np.float64(0.795959595959596), 'min_match_count': 46, 'good_matches_threshold': np.float64(0.7787878787878788), 'mask_scale': 1}",348
50,"{'sift_nfeatures': 0, 'sift_nOctaveLayers': 3, 'sift_contrastThreshold': np.float64(0.0507070707070707), 'sift_edgeThreshold': np.float64(12.777777777777779), 'sift_sigma': np.float64(0.46060606060606063), 'min_match_count': 49, 'good_matches_threshold': np.float64(0.8242424242424242), 'mask_scale': 1}",2
50,"{'sift_nfeatures': 0, 'sift_nOctaveLayers': 3, 'sift_contrastThreshold': np.float64(0.05757575757575757), 'sift_edgeThreshold': np.float64(11.262626262626263), 'sift_sigma': np.float64(0.6383838383838384), 'min_match_count': 44, 'good_matches_threshold': np.float64(0.7696969696969698), 'mask_scale': 1}",138
50,"{'sift_nfeatures': 0, 'sift_nOctaveLayers': 3, 'sift_contrastThreshold': np.float64(0.049494949494949494), 'sift_edgeThreshold': np.float64(10.454545454545453), 'sift_sigma': np.float64(0.48888888888888893), 'min_match_count': 55, 'good_matches_threshold': np.float64(0.7909090909090909), 'mask_scale': 1}",139
50,"{'sift_nfeatures': 0, 'sift_nOctaveLayers': 4, 'sift_contrastThreshold': np.float64(0.04707070707070707), 'sift_edgeThreshold': np.float64(8.131313131313131), 'sift_sigma': np.float64(0.46060606060606063), 'min_match_count': 44, 'good_matches_threshold': np.float64(0.7787878787878788), 'mask_scale': 1}",88
50,"{'sift_nfeatures': 0, 'sift_nOctaveLayers': 4, 'sift_contrastThreshold': np.float64(0.05676767676767676), 'sift_edgeThreshold': np.float64(6.616161616161616), 'sift_sigma': np.float64(0.5333333333333333), 'min_match_count': 45, 'good_matches_threshold': np.float64(0.8121212121212121), 'mask_scale': 1}",106
50,"{'sift_nfeatures': 0, 'sift_nOctaveLayers': 3, 'sift_contrastThreshold': np.float64(0.040606060606060604), 'sift_edgeThreshold': np.float64(9.141414141414142), 'sift_sigma': np.float64(0.6909090909090909), 'min_match_count': 58, 'good_matches_threshold': np.float64(0.8242424242424242), 'mask_scale': 1}",52
50,"{'sift_nfeatures': 0, 'sift_nOctaveLayers': 3, 'sift_contrastThreshold': np.float64(0.03696969696969697), 'sift_edgeThreshold': np.float64(6.414141414141414), 'sift_sigma': np.float64(0.7676767676767677), 'min_match_count': 58, 'good_matches_threshold': np.float64(0.7787878787878788), 'mask_scale': 1}",53
50,"{'sift_nfeatures': 0, 'sift_nOctaveLayers': 4, 'sift_contrastThreshold': np.float64(0.04707070707070707), 'sift_edgeThreshold': np.float64(9.94949494949495), 'sift_sigma': np.float64(0.4080808080808081), 'min_match_count': 48, 'good_matches_threshold': np.float64(0.8363636363636364), 'mask_scale': 1}",59
50,"{'sift_nfeatures': 0, 'sift_nOctaveLayers': 3, 'sift_contrastThreshold': np.float64(0.034545454545454546), 'sift_edgeThreshold': np.float64(12.373737373737374), 'sift_sigma': np.float64(0.6787878787878788), 'min_match_count': 47, 'good_matches_threshold': np.float64(0.7393939393939394), 'mask_scale': 1}",314
50,"{'sift_nfeatures': 0, 'sift_nOctaveLayers': 3, 'sift_contrastThreshold': np.float64(0.02484848484848485), 'sift_edgeThreshold': np.float64(11.969696969696969), 'sift_sigma': np.float64(0.6707070707070708), 'min_match_count': 49, 'good_matches_threshold': np.float64(0.7424242424242424), 'mask_scale': 1}",258
50,"{'sift_nfeatures': 0, 'sift_nOctaveLayers': 3, 'sift_contrastThreshold': np.float64(0.06), 'sift_edgeThreshold': np.float64(7.222222222222222), 'sift_sigma': np.float64(0.5171717171717172), 'min_match_count': 51, 'good_matches_threshold': np.float64(0.8121212121212121), 'mask_scale': 1}",271
50,"{'sift_nfeatures': 0, 'sift_nOctaveLayers': 3, 'sift_contrastThreshold': np.float64(0.05111111111111111), 'sift_edgeThreshold': np.float64(13.787878787878787), 'sift_sigma': np.float64(0.5777777777777778), 'min_match_count': 52, 'good_matches_threshold': np.float64(0.7848484848484849), 'mask_scale': 1}",274
50,"{'sift_nfeatures': 0, 'sift_nOctaveLayers': 3, 'sift_contrastThreshold': np.float64(0.047878787878787875), 'sift_edgeThreshold': np.float64(10.656565656565657), 'sift_sigma': np.float64(0.46464646464646464), 'min_match_count': 43, 'good_matches_threshold': np.float64(0.7636363636363637), 'mask_scale': 1}",301
50,"{'sift_nfeatures': 0, 'sift_nOctaveLayers': 3, 'sift_contrastThreshold': np.float64(0.02282828282828283), 'sift_edgeThreshold': np.float64(13.98989898989899), 'sift_sigma': np.float64(0.7070707070707071), 'min_match_count': 46, 'good_matches_threshold': np.float64(0.7272727272727273), 'mask_scale': 1}",292
50,"{'sift_nfeatures': 0, 'sift_nOctaveLayers': 4, 'sift_contrastThreshold': np.float64(0.05757575757575757), 'sift_edgeThreshold': np.float64(14.797979797979798), 'sift_sigma': np.float64(0.4767676767676768), 'min_match_count': 49, 'good_matches_threshold': np.float64(0.8), 'mask_scale': 1}",209
50,"{'sift_nfeatures': 0, 'sift_nOctaveLayers': 4, 'sift_contrastThreshold': np.float64(0.0301010101010101), 'sift_edgeThreshold': np.float64(13.88888888888889), 'sift_sigma': np.float64(0.8), 'min_match_count': 53, 'good_matches_threshold': np.float64(0.7606060606060606), 'mask_scale': 1}",216
50,"{'sift_nfeatures': 0, 'sift_nOctaveLayers': 4, 'sift_contrastThreshold': np.float64(0.026868686868686868), 'sift_edgeThreshold': np.float64(9.444444444444445), 'sift_sigma': np.float64(0.593939393939394), 'min_match_count': 45, 'good_matches_threshold': np.float64(0.7575757575757576), 'mask_scale': 1}",205
50,"{'sift_nfeatures': 0, 'sift_nOctaveLayers': 3, 'sift_contrastThreshold': np.float64(0.0503030303030303), 'sift_edgeThreshold': np.float64(5.505050505050505), 'sift_sigma': np.float64(0.5131313131313131), 'min_match_count': 53, 'good_matches_threshold': np.float64(0.8121212121212121), 'mask_scale': 1}",220
50,"{'sift_nfeatures': 0, 'sift_nOctaveLayers': 4, 'sift_contrastThreshold': np.float64(0.021616161616161617), 'sift_edgeThreshold': np.float64(12.373737373737374), 'sift_sigma': np.float64(0.7717171717171718), 'min_match_count': 45, 'good_matches_threshold': np.float64(0.7484848484848485), 'mask_scale': 1}",229
50,"{'sift_nfeatures': 0, 'sift_nOctaveLayers': 4, 'sift_contrastThreshold': np.float64(0.0507070707070707), 'sift_edgeThreshold': np.float64(9.747474747474747), 'sift_sigma': np.float64(0.7111111111111111), 'min_match_count': 56, 'good_matches_threshold': np.float64(0.7848484848484849), 'mask_scale': 1}",235
50,"{'sift_nfeatures': 0, 'sift_nOctaveLayers': 4, 'sift_contrastThreshold': np.float64(0.034545454545454546), 'sift_edgeThreshold': np.float64(13.787878787878787), 'sift_sigma': np.float64(0.7474747474747475), 'min_match_count': 58, 'good_matches_threshold': np.float64(0.7666666666666666), 'mask_scale': 1}",185
50,"{'sift_nfeatures': 0, 'sift_nOctaveLayers': 4, 'sift_contrastThreshold': np.float64(0.02404040404040404), 'sift_edgeThreshold': np.float64(11.767676767676768), 'sift_sigma': np.float64(0.7555555555555555), 'min_match_count': 56, 'good_matches_threshold': np.float64(0.7393939393939394), 'mask_scale': 1}",191
50,"{'sift_nfeatures': 0, 'sift_nOctaveLayers': 4, 'sift_contrastThreshold': np.float64(0.034545454545454546), 'sift_edgeThreshold': np.float64(10.858585858585858), 'sift_sigma': np.float64(0.4565656565656566), 'min_match_count': 40, 'good_matches_threshold': np.float64(0.7848484848484849), 'mask_scale': 1}",194
50,"{'sift_nfeatures': 0, 'sift_nOctaveLayers': 4, 'sift_contrastThreshold': np.float64(0.031313131313131314), 'sift_edgeThreshold': np.float64(5.202020202020202), 'sift_sigma': np.float64(0.5656565656565657), 'min_match_count': 41, 'good_matches_threshold': np.float64(0.7515151515151515), 'mask_scale': 1}",203
50,"{'sift_nfeatures': 0, 'sift_nOctaveLayers': 3, 'sift_contrastThreshold': np.float64(0.06), 'sift_edgeThreshold': np.float64(6.313131313131313), 'sift_sigma': np.float64(0.7555555555555555), 'min_match_count': 48, 'good_matches_threshold': np.float64(0.8181818181818181), 'mask_scale': 1}",158
50,"{'sift_nfeatures': 0, 'sift_nOctaveLayers': 4, 'sift_contrastThreshold': np.float64(0.02404040404040404), 'sift_edgeThreshold': np.float64(8.535353535353536), 'sift_sigma': np.float64(0.48888888888888893), 'min_match_count': 40, 'good_matches_threshold': np.float64(0.7606060606060606), 'mask_scale': 1}",207
50,"{'sift_nfeatures': 0, 'sift_nOctaveLayers': 4, 'sift_contrastThreshold': np.float64(0.034949494949494946), 'sift_edgeThreshold': np.float64(7.020202020202021), 'sift_sigma': np.float64(0.7636363636363637), 'min_match_count': 57, 'good_matches_threshold': np.float64(0.7818181818181819), 'mask_scale': 1}",146
50,"{'sift_nfeatures': 0, 'sift_nOctaveLayers': 3, 'sift_contrastThreshold': np.float64(0.03777777777777777), 'sift_edgeThreshold': np.float64(12.171717171717171), 'sift_sigma': np.float64(0.7434343434343434), 'min_match_count': 45, 'good_matches_threshold': np.float64(0.7575757575757576), 'mask_scale': 1}",147
50,"{'sift_nfeatures': 0, 'sift_nOctaveLayers': 4, 'sift_contrastThreshold': np.float64(0.051515151515151514), 'sift_edgeThreshold': np.float64(11.464646464646464), 'sift_sigma': np.float64(0.6181818181818182), 'min_match_count': 50, 'good_matches_threshold': np.float64(0.7666666666666666), 'mask_scale': 1}",127
50,"{'sift_nfeatures': 0, 'sift_nOctaveLayers': 4, 'sift_contrastThreshold': np.float64(0.05474747474747474), 'sift_edgeThreshold': np.float64(11.666666666666668), 'sift_sigma': np.float64(0.7636363636363637), 'min_match_count': 40, 'good_matches_threshold': np.float64(0.7757575757575758), 'mask_scale': 1}",174
50,"{'sift_nfeatures': 0, 'sift_nOctaveLayers': 4, 'sift_contrastThreshold': np.float64(0.038585858585858585), 'sift_edgeThreshold': np.float64(12.97979797979798), 'sift_sigma': np.float64(0.6141414141414141), 'min_match_count': 46, 'good_matches_threshold': np.float64(0.7696969696969698), 'mask_scale': 1}",131
50,"{'sift_nfeatures': 0, 'sift_nOctaveLayers': 4, 'sift_contrastThreshold': np.float64(0.034545454545454546), 'sift_edgeThreshold': np.float64(10.353535353535353), 'sift_sigma': np.float64(0.43232323232323233), 'min_match_count': 44, 'good_matches_threshold': np.float64(0.7787878787878788), 'mask_scale': 1}",133
50,"{'sift_nfeatures': 0, 'sift_nOctaveLayers': 3, 'sift_contrastThreshold': np.float64(0.05555555555555555), 'sift_edgeThreshold': np.float64(13.686868686868687), 'sift_sigma': np.float64(0.4282828282828283), 'min_match_count': 52, 'good_matches_threshold': np.float64(0.7848484848484849), 'mask_scale': 1}",5
50,"{'sift_nfeatures': 0, 'sift_nOctaveLayers': 4, 'sift_contrastThreshold': np.float64(0.020404040404040404), 'sift_edgeThreshold': np.float64(8.737373737373737), 'sift_sigma': np.float64(0.7676767676767677), 'min_match_count': 54, 'good_matches_threshold': np.float64(0.7393939393939394), 'mask_scale': 1}",0
50,"{'sift_nfeatures': 0, 'sift_nOctaveLayers': 4, 'sift_contrastThreshold': np.float64(0.030505050505050504), 'sift_edgeThreshold': np.float64(10.858585858585858), 'sift_sigma': np.float64(0.4565656565656566), 'min_match_count': 58, 'good_matches_threshold': np.float64(0.8181818181818181), 'mask_scale': 1}",13
50,"{'sift_nfeatures': 0, 'sift_nOctaveLayers': 3, 'sift_contrastThreshold': np.float64(0.051515151515151514), 'sift_edgeThreshold': np.float64(8.838383838383837), 'sift_sigma': np.float64(0.7030303030303031), 'min_match_count': 48, 'good_matches_threshold': np.float64(0.796969696969697), 'mask_scale': 1}",71
50,"{'sift_nfeatures': 0, 'sift_nOctaveLayers': 3, 'sift_contrastThreshold': np.float64(0.045454545454545456), 'sift_edgeThreshold': np.float64(10.656565656565657), 'sift_sigma': np.float64(0.6141414141414141), 'min_match_count': 54, 'good_matches_threshold': np.float64(0.7666666666666666), 'mask_scale': 1}",315
50,"{'sift_nfeatures': 0, 'sift_nOctaveLayers': 4, 'sift_contrastThreshold': np.float64(0.032525252525252527), 'sift_edgeThreshold': np.float64(5.606060606060606), 'sift_sigma': np.float64(0.7232323232323232), 'min_match_count': 54, 'good_matches_threshold': np.float64(0.7575757575757576), 'mask_scale': 1}",12
50,"{'sift_nfeatures': 0, 'sift_nOctaveLayers': 4, 'sift_contrastThreshold': np.float64(0.047474747474747475), 'sift_edgeThreshold': np.float64(7.3232323232323235), 'sift_sigma': np.float64(0.496969696969697), 'min_match_count': 55, 'good_matches_threshold': np.float64(0.796969696969697), 'mask_scale': 1}",327
50,"{'sift_nfeatures': 0, 'sift_nOctaveLayers': 3, 'sift_contrastThreshold': np.float64(0.05595959595959596), 'sift_edgeThreshold': np.float64(9.848484848484848), 'sift_sigma': np.float64(0.42424242424242425), 'min_match_count': 54, 'good_matches_threshold': np.float64(0.8242424242424242), 'mask_scale': 1}",316
50,"{'sift_nfeatures': 0, 'sift_nOctaveLayers': 4, 'sift_contrastThreshold': np.float64(0.04101010101010101), 'sift_edgeThreshold': np.float64(11.969696969696969), 'sift_sigma': np.float64(0.4404040404040404), 'min_match_count': 50, 'good_matches_threshold': np.float64(0.8121212121212121), 'mask_scale': 1}",305
50,"{'sift_nfeatures': 0, 'sift_nOctaveLayers': 4, 'sift_contrastThreshold': np.float64(0.03737373737373737), 'sift_edgeThreshold': np.float64(13.88888888888889), 'sift_sigma': np.float64(0.7515151515151515), 'min_match_count': 55, 'good_matches_threshold': np.float64(0.796969696969697), 'mask_scale': 1}",70
25,"{'sift_nfeatures': 0, 'sift_nOctaveLayers': 4, 'sift_contrastThreshold': np.float64(0.040606060606060604), 'sift_edgeThreshold': np.float64(13.383838383838384), 'sift_sigma': np.float64(0.41212121212121217), 'min_match_count': 51, 'good_matches_threshold': np.float64(0.7181818181818181), 'mask_scale': 1}",42
25,"{'sift_nfeatures': 0, 'sift_nOctaveLayers': 3, 'sift_contrastThreshold': np.float64(0.0402020202020202), 'sift_edgeThreshold': np.float64(6.919191919191919), 'sift_sigma': np.float64(0.7636363636363637), 'min_match_count': 40, 'good_matches_threshold': np.float64(0.7424242424242424), 'mask_scale': 1}",62
25,"{'sift_nfeatures': 0, 'sift_nOctaveLayers': 3, 'sift_contrastThreshold': np.float64(0.05959595959595959), 'sift_edgeThreshold': np.float64(10.555555555555555), 'sift_sigma': np.float64(0.5212121212121212), 'min_match_count': 58, 'good_matches_threshold': np.float64(0.6363636363636364), 'mask_scale': 1}",10
25,"{'sift_nfeatures': 0, 'sift_nOctaveLayers': 3, 'sift_contrastThreshold': np.float64(0.04101010101010101), 'sift_edgeThreshold': np.float64(13.383838383838384), 'sift_sigma': np.float64(0.7111111111111111), 'min_match_count': 59, 'good_matches_threshold': np.float64(0.6424242424242425), 'mask_scale': 1}",29
25,"{'sift_nfeatures': 0, 'sift_nOctaveLayers': 3, 'sift_contrastThreshold': np.float64(0.04222222222222222), 'sift_edgeThreshold': np.float64(9.94949494949495), 'sift_sigma': np.float64(0.7393939393939395), 'min_match_count': 55, 'good_matches_threshold': np.float64(0.6212121212121212), 'mask_scale': 1}",19
24,"{'sift_nfeatures': 0, 'sift_nOctaveLayers': 4, 'sift_contrastThreshold': np.float64(0.051515151515151514), 'sift_edgeThreshold': np.float64(6.313131313131313), 'sift_sigma': np.float64(0.4282828282828283), 'min_match_count': 58, 'good_matches_threshold': np.float64(0.7515151515151515), 'mask_scale': 1}",38
24,"{'sift_nfeatures': 0, 'sift_nOctaveLayers': 4, 'sift_contrastThreshold': np.float64(0.055151515151515146), 'sift_edgeThreshold': np.float64(11.969696969696969), 'sift_sigma': np.float64(0.6828282828282828), 'min_match_count': 51, 'good_matches_threshold': np.float64(0.6181818181818182), 'mask_scale': 1}",23
24,"{'sift_nfeatures': 0, 'sift_nOctaveLayers': 4, 'sift_contrastThreshold': np.float64(0.045858585858585856), 'sift_edgeThreshold': np.float64(5.0), 'sift_sigma': np.float64(0.5656565656565657), 'min_match_count': 43, 'good_matches_threshold': np.float64(0.6666666666666666), 'mask_scale': 1}",4
24,"{'sift_nfeatures': 0, 'sift_nOctaveLayers': 4, 'sift_contrastThreshold': np.float64(0.059191919191919184), 'sift_edgeThreshold': np.float64(11.969696969696969), 'sift_sigma': np.float64(0.46464646464646464), 'min_match_count': 57, 'good_matches_threshold': np.float64(0.7454545454545455), 'mask_scale': 1}",49
23,"{'sift_nfeatures': 0, 'sift_nOctaveLayers': 3, 'sift_contrastThreshold': np.float64(0.034545454545454546), 'sift_edgeThreshold': np.float64(12.676767676767676), 'sift_sigma': np.float64(0.5050505050505051), 'min_match_count': 52, 'good_matches_threshold': np.float64(0.7242424242424242), 'mask_scale': 1}",17
23,"{'sift_nfeatures': 0, 'sift_nOctaveLayers': 3, 'sift_contrastThreshold': np.float64(0.04909090909090909), 'sift_edgeThreshold': np.float64(6.616161616161616), 'sift_sigma': np.float64(0.6464646464646465), 'min_match_count': 43, 'good_matches_threshold': np.float64(0.609090909090909), 'mask_scale': 1}",47
22,"{'sift_nfeatures': 0, 'sift_nOctaveLayers': 3, 'sift_contrastThreshold': np.float64(0.025656565656565655), 'sift_edgeThreshold': np.float64(5.909090909090909), 'sift_sigma': np.float64(0.5454545454545454), 'min_match_count': 54, 'good_matches_threshold': np.float64(0.7090909090909091), 'mask_scale': 1}",9
22,"{'sift_nfeatures': 0, 'sift_nOctaveLayers': 4, 'sift_contrastThreshold': np.float64(0.05676767676767676), 'sift_edgeThreshold': np.float64(12.575757575757574), 'sift_sigma': np.float64(0.5252525252525253), 'min_match_count': 48, 'good_matches_threshold': np.float64(0.6757575757575758), 'mask_scale': 1}",16
22,"{'sift_nfeatures': 0, 'sift_nOctaveLayers': 3, 'sift_contrastThreshold': np.float64(0.05878787878787878), 'sift_edgeThreshold': np.float64(11.161616161616163), 'sift_sigma': np.float64(0.4484848484848485), 'min_match_count': 46, 'good_matches_threshold': np.float64(0.7575757575757576), 'mask_scale': 1}",55
21,"{'sift_nfeatures': 0, 'sift_nOctaveLayers': 4, 'sift_contrastThreshold': np.float64(0.05232323232323231), 'sift_edgeThreshold': np.float64(12.272727272727273), 'sift_sigma': np.float64(0.6787878787878788), 'min_match_count': 48, 'good_matches_threshold': np.float64(0.6303030303030303), 'mask_scale': 1}",3
21,"{'sift_nfeatures': 0, 'sift_nOctaveLayers': 3, 'sift_contrastThreshold': np.float64(0.04666666666666666), 'sift_edgeThreshold': np.float64(10.151515151515152), 'sift_sigma': np.float64(0.6707070707070708), 'min_match_count': 49, 'good_matches_threshold': np.float64(0.6757575757575758), 'mask_scale': 1}",33
21,"{'sift_nfeatures': 0, 'sift_nOctaveLayers': 4, 'sift_contrastThreshold': np.float64(0.0503030303030303), 'sift_edgeThreshold': np.float64(10.959595959595958), 'sift_sigma': np.float64(0.5414141414141415), 'min_match_count': 49, 'good_matches_threshold': np.float64(0.7333333333333334), 'mask_scale': 1}",8
20,"{'sift_nfeatures': 0, 'sift_nOctaveLayers': 3, 'sift_contrastThreshold': np.float64(0.030505050505050504), 'sift_edgeThreshold': np.float64(9.94949494949495), 'sift_sigma': np.float64(0.5414141414141415), 'min_match_count': 41, 'good_matches_threshold': np.float64(0.703030303030303), 'mask_scale': 1}",14
19,"{'sift_nfeatures': 0, 'sift_nOctaveLayers': 4, 'sift_contrastThreshold': np.float64(0.04181818181818182), 'sift_edgeThreshold': np.float64(12.676767676767676), 'sift_sigma': np.float64(0.4727272727272728), 'min_match_count': 51, 'good_matches_threshold': np.float64(0.7454545454545455), 'mask_scale': 1}",11
18,"{'sift_nfeatures': 0, 'sift_nOctaveLayers': 3, 'sift_contrastThreshold': np.float64(0.026060606060606062), 'sift_edgeThreshold': np.float64(11.565656565656566), 'sift_sigma': np.float64(0.7919191919191919), 'min_match_count': 44, 'good_matches_threshold': np.float64(0.7090909090909091), 'mask_scale': 1}",30
18,"{'sift_nfeatures': 0, 'sift_nOctaveLayers': 4, 'sift_contrastThreshold': np.float64(0.047878787878787875), 'sift_edgeThreshold': np.float64(5.909090909090909), 'sift_sigma': np.float64(0.6424242424242425), 'min_match_count': 45, 'good_matches_threshold': np.float64(0.7515151515151515), 'mask_scale': 1}",48
16,"{'sift_nfeatures': 0, 'sift_nOctaveLayers': 3, 'sift_contrastThreshold': np.float64(0.040606060606060604), 'sift_edgeThreshold': np.float64(8.131313131313131), 'sift_sigma': np.float64(0.6383838383838384), 'min_match_count': 56, 'good_matches_threshold': np.float64(0.7212121212121212), 'mask_scale': 1}",1
